modnumber,modname,RCK,GVL,SND,MUD
1,sharks,0.902,1,0.8,0.588
2,pelagic piscivores,0.856,0.951,1,0.925
3,snappers,0.872,1,0.947,0.882
4,gag 0,0.674,1,0.917,0.932
5,gag 1,0.644,1,0.973,0.797
6,gag 2,0.642,0.971,1,0.738
7,gag 3,0.647,1,0.822,0.664
8,gag 4,0.591,0.717,0.767,1
9,gag 5+,0.676,0.563,0.654,1
10,red grouper 0,1,0.853,0.856,1
11,red grouper 1,1,0.868,0.86,1
12,red grouper 2,1,0.801,1,0.885
13,red grouper 3,0.846,0.746,0.767,1
14,red grouper 4,0.946,0.941,1,0.857
15,red grouper 5+,1,1,0.995,0.827
16,large reef fish,1,0.921,0.985,1
17,small reef fish,1,1,0.962,0.785
18,demersal fish,0.669,0.956,1,0.799
19,small pelagics,0.764,0.809,0.905,1
