"modnumber","modname","code","family","n_pos","avail","w_strat","A_strat","A_strat_lo","A_strat_hi","w_depth","A_depth","A_depth_lo","A_depth_hi","coverage","pooled_with"
1,"sharks","GVL","grainsize",419,0.28483,1.185,1,1,1,1.074,1,0.8,1,"good",NA
1,"sharks","SND","grainsize",419,0.65325,0.947,0.8,0.686,0.988,0.969,0.902,0.728,1,"good",NA
1,"sharks","MUD","grainsize",419,0.06192,0.696,0.588,0.414,0.801,0.991,0.923,0.611,1,"poor",NA
1,"sharks","RCK","rock",419,0.14354,0.915,0.902,0.645,1,1.14,1,0.865,1,"good",NA
2,"pelagic piscivores","GVL","grainsize",5204,0.28483,0.969,0.951,0.865,1,0.978,0.958,0.883,1,"good",NA
2,"pelagic piscivores","SND","grainsize",5204,0.65325,1.019,1,0.942,1,1.021,1,0.965,1,"good",NA
2,"pelagic piscivores","MUD","grainsize",5204,0.06192,0.943,0.925,0.808,1,0.884,0.866,0.761,0.991,"poor",NA
2,"pelagic piscivores","RCK","rock",5204,0.14354,0.874,0.856,0.732,1,0.862,0.843,0.74,0.955,"good",NA
3,"snappers","GVL","grainsize",6810,0.28483,1.043,1,0.981,1,1.011,1,0.944,1,"good",NA
3,"snappers","SND","grainsize",6810,0.65325,0.989,0.947,0.885,1,1.001,0.99,0.93,1,"good",NA
3,"snappers","MUD","grainsize",6810,0.06192,0.92,0.882,0.794,0.979,0.937,0.926,0.82,1,"poor",NA
3,"snappers","RCK","rock",6810,0.14354,0.888,0.872,0.772,0.982,0.911,0.897,0.794,1,"good",NA
4,"gag 0","GVL","grainsize",188,0.28483,1.061,1,0.529,1,0.842,0.638,0.396,0.981,"good","gag 1"
4,"gag 0","SND","grainsize",188,0.65325,0.973,0.917,0.571,1,1.038,0.787,0.535,1,"good","gag 1"
4,"gag 0","MUD","grainsize",188,0.06192,0.989,0.932,0.446,1,1.32,1,0.816,1,"poor","gag 1"
4,"gag 0","RCK","rock",188,0.14354,0.701,0.674,0.368,1,1.197,1,0.724,1,"good","gag 1"
5,"gag 1","GVL","grainsize",162,0.28483,1.029,1,0.546,1,0.811,0.595,0.34,0.966,"good",NA
5,"gag 1","SND","grainsize",162,0.65325,1.001,0.973,0.626,1,1.048,0.769,0.495,1,"good",NA
5,"gag 1","MUD","grainsize",162,0.06192,0.82,0.797,0.34,1,1.362,1,0.761,1,"poor",NA
5,"gag 1","RCK","rock",162,0.14354,0.672,0.644,0.375,0.939,1.179,1,0.756,1,"good",NA
6,"gag 2","GVL","grainsize",222,0.28483,0.996,0.971,0.652,1,0.999,0.994,0.655,1,"good",NA
6,"gag 2","SND","grainsize",222,0.65325,1.026,1,0.691,1,1.005,1,0.722,1,"good",NA
6,"gag 2","MUD","grainsize",222,0.06192,0.757,0.738,0.411,1,0.95,0.945,0.534,1,"poor",NA
6,"gag 2","RCK","rock",222,0.14354,0.676,0.642,0.35,1,0.911,0.898,0.61,1,"good",NA
7,"gag 3","GVL","grainsize",209,0.28483,1.158,1,0.866,1,1.072,0.798,0.509,1,"good",NA
7,"gag 3","SND","grainsize",209,0.65325,0.952,0.822,0.647,1,0.936,0.697,0.461,0.952,"good",NA
7,"gag 3","MUD","grainsize",209,0.06192,0.769,0.664,0.354,1,1.343,1,0.646,1,"poor",NA
7,"gag 3","RCK","rock",209,0.14354,0.681,0.647,0.332,1,1.2,1,0.792,1,"good",NA
8,"gag 4","GVL","grainsize",184,0.28483,0.935,0.717,0.42,1,0.987,0.705,0.473,1,"good",NA
8,"gag 4","SND","grainsize",184,0.65325,0.999,0.767,0.522,1,0.967,0.691,0.482,1,"good",NA
8,"gag 4","MUD","grainsize",184,0.06192,1.303,1,0.73,1,1.4,1,0.842,1,"poor",NA
8,"gag 4","RCK","rock",184,0.14354,0.627,0.591,0.333,0.939,0.921,0.909,0.622,1,"good",NA
9,"gag 5+","GVL","grainsize",591,0.28483,0.866,0.563,0.383,0.86,0.866,0.612,0.458,0.832,"good",NA
9,"gag 5+","SND","grainsize",591,0.65325,1.007,0.654,0.474,0.949,1.019,0.721,0.564,0.969,"good",NA
9,"gag 5+","MUD","grainsize",591,0.06192,1.539,1,1,1,1.414,1,1,1,"poor",NA
9,"gag 5+","RCK","rock",591,0.14354,0.709,0.676,0.533,0.854,0.934,0.923,0.741,1,"good",NA
10,"red grouper 0","GVL","grainsize",142,0.28483,0.987,0.853,0.506,1,1.03,1,0.611,1,"good",NA
10,"red grouper 0","SND","grainsize",142,0.65325,0.99,0.856,0.602,1,0.992,0.963,0.665,1,"good",NA
10,"red grouper 0","MUD","grainsize",142,0.06192,1.157,1,0.522,1,0.952,0.925,0.513,1,"poor",NA
10,"red grouper 0","RCK","rock",142,0.14354,1.052,1,0.607,1,1.419,1,0.961,1,"good",NA
11,"red grouper 1","GVL","grainsize",149,0.28483,0.997,0.868,0.525,1,1.035,1,0.639,1,"good","red grouper 0"
11,"red grouper 1","SND","grainsize",149,0.65325,0.987,0.86,0.602,1,0.991,0.957,0.677,1,"good","red grouper 0"
11,"red grouper 1","MUD","grainsize",149,0.06192,1.148,1,0.518,1,0.941,0.909,0.504,1,"poor","red grouper 0"
11,"red grouper 1","RCK","rock",149,0.14354,1.054,1,0.611,1,1.421,1,0.974,1,"good","red grouper 0"
12,"red grouper 2","GVL","grainsize",33,0.28483,0.859,0.801,0.482,1,0.939,0.904,0.424,1,"good",NA
12,"red grouper 2","SND","grainsize",33,0.65325,1.071,1,0.676,1,1.039,1,0.618,1,"good",NA
12,"red grouper 2","MUD","grainsize",33,0.06192,0.948,0.885,0.134,1,0.873,0.84,0.159,1,"poor",NA
12,"red grouper 2","RCK","rock",33,0.14354,1.261,1,0.468,1,1.287,1,0.576,1,"good",NA
13,"red grouper 3","GVL","grainsize",186,0.28483,0.962,0.746,0.559,1,0.994,0.834,0.557,1,"good",NA
13,"red grouper 3","SND","grainsize",186,0.65325,0.989,0.767,0.617,1,0.984,0.826,0.613,1,"good",NA
13,"red grouper 3","MUD","grainsize",186,0.06192,1.289,1,0.752,1,1.191,1,0.706,1,"poor",NA
13,"red grouper 3","RCK","rock",186,0.14354,0.865,0.846,0.586,1,1.4,1,0.985,1,"good",NA
14,"red grouper 4","GVL","grainsize",384,0.28483,0.966,0.941,0.773,1,0.933,0.896,0.753,1,"good",NA
14,"red grouper 4","SND","grainsize",384,0.65325,1.027,1,0.813,1,1.041,1,0.901,1,"good",NA
14,"red grouper 4","MUD","grainsize",384,0.06192,0.88,0.857,0.584,1,0.869,0.834,0.61,1,"poor",NA
14,"red grouper 4","RCK","rock",384,0.14354,0.953,0.946,0.663,1,1.167,1,0.845,1,"good",NA
15,"red grouper 5+","GVL","grainsize",2436,0.28483,1.014,1,0.946,1,0.988,0.963,0.906,1,"good",NA
15,"red grouper 5+","SND","grainsize",2436,0.65325,1.009,0.995,0.941,1,1.025,1,0.981,1,"good",NA
15,"red grouper 5+","MUD","grainsize",2436,0.06192,0.839,0.827,0.736,0.904,0.791,0.771,0.697,0.84,"poor",NA
15,"red grouper 5+","RCK","rock",2436,0.14354,1.064,1,0.978,1,1.263,1,1,1,"good",NA
16,"large reef fish","GVL","grainsize",2510,0.28483,0.952,0.921,0.759,0.994,0.943,0.914,0.841,0.983,"good",NA
16,"large reef fish","SND","grainsize",2510,0.65325,1.018,0.985,0.831,1,1.032,1,0.978,1,"good",NA
16,"large reef fish","MUD","grainsize",2510,0.06192,1.033,1,0.852,1,0.928,0.9,0.785,1,"poor",NA
16,"large reef fish","RCK","rock",2510,0.14354,1.106,1,1,1,1.366,1,1,1,"good",NA
17,"small reef fish","GVL","grainsize",9635,0.28483,1.04,1,0.987,1,1.063,1,0.998,1,"good",NA
17,"small reef fish","SND","grainsize",9635,0.65325,1,0.962,0.92,1,1.008,0.949,0.9,1,"good",NA
17,"small reef fish","MUD","grainsize",9635,0.06192,0.816,0.785,0.717,0.866,0.626,0.589,0.534,0.649,"poor",NA
17,"small reef fish","RCK","rock",9635,0.14354,1.137,1,1,1,1.153,1,1,1,"good",NA
18,"demersal fish","GVL","grainsize",2391,0.28483,0.981,0.956,0.856,1,1.031,1,0.882,1,"good",NA
18,"demersal fish","SND","grainsize",2391,0.65325,1.026,1,0.947,1,1.009,0.979,0.862,1,"good",NA
18,"demersal fish","MUD","grainsize",2391,0.06192,0.82,0.799,0.626,0.979,0.762,0.739,0.509,1,"poor",NA
18,"demersal fish","RCK","rock",2391,0.14354,0.702,0.669,0.539,0.826,0.73,0.698,0.562,0.895,"good",NA
19,"small pelagics","GVL","grainsize",1936,0.28483,0.916,0.809,0.639,0.97,0.931,0.845,0.613,0.982,"good",NA
19,"small pelagics","SND","grainsize",1936,0.65325,1.025,0.905,0.719,1,1.02,0.926,0.665,1,"good",NA
19,"small pelagics","MUD","grainsize",1936,0.06192,1.132,1,0.88,1,1.102,1,0.771,1,"poor",NA
19,"small pelagics","RCK","rock",1936,0.14354,0.791,0.764,0.575,0.997,0.699,0.666,0.522,0.842,"good",NA
