"modnumber","modname","AH","AM","AL","NH","NM","NL","RCK","GVL","SND","MUD"
4,"pelagic-sharks",1,0.819,0.577,0.58,0.131,0.557,0.319,0.373,0.366,0.223
5,"large-demersal-sharks",0.66,0.862,0.912,1,0.055,0.597,0.346,0.457,0.431,0.332
6,"small-sharks-and-rays",0.549,0.768,0.416,1,0.206,0.663,0.197,0.347,0.319,0.377
7,"pelagic-piscivores",0.676,0.639,1,0.602,0.218,0.551,0.559,0.63,0.622,0.511
12,"cobia",0.687,1,0.194,0.696,0.042,0.364,0.146,0.287,0.295,0.148
14,"red-snapper-0",0.604,0.38,1,0.181,0.137,0.196,0.236,0.35,0.421,0.282
15,"red-snapper-1-2",1,0.661,0.492,0.191,0.123,0.214,0.283,0.405,0.422,0.412
16,"red-snapper-3-",0.976,1,0.89,0.614,0.271,0.499,0.6,0.686,0.697,0.658
17,"vermilion-snapper",1,0.617,0.325,0.255,0.234,0.133,0.356,0.31,0.291,0.231
19,"other-snapper",1,0.947,0.801,0.595,0.361,0.571,0.561,0.644,0.639,0.622
20,"gag-0",0.815,0.456,0.255,1,0.286,0.974,0.263,0.407,0.396,0.342
21,"gag-1",0.567,0.448,0.304,1,0.042,0.766,0.159,0.361,0.361,0.258
22,"gag-2",0.588,0.471,0.353,1,0.113,0.858,0.23,0.403,0.413,0.359
23,"gag-3",1,0.285,0.203,0.581,0.095,0.484,0.211,0.295,0.302,0.271
24,"gag-4",0.569,0.365,0.386,1,0.136,0.664,0.317,0.389,0.375,0.398
25,"gag-5-",0.581,0.611,0.356,1,0.221,0.662,0.392,0.458,0.434,0.414
26,"red-grouper-0",0.529,0.817,0.41,1,0.093,0.401,0.29,0.312,0.305,0.253
27,"red-grouper-1",0.255,0.349,0.382,1,0.074,0.5,0.391,0.307,0.308,0.302
28,"red-grouper-2",0.155,0.228,0.363,1,0.094,0.633,0.392,0.398,0.355,0.333
29,"red-grouper-3",0.442,0.394,0.661,1,0.179,0.775,0.56,0.543,0.488,0.487
30,"red-grouper-4",0.299,0.233,0.692,1,0.184,0.753,0.546,0.54,0.499,0.444
31,"red-grouper-5-",0.658,0.453,0.733,1,0.296,0.878,0.855,0.777,0.736,0.72
36,"other-SWG",1,0.481,0.733,0.781,0.525,0.494,0.664,0.595,0.585,0.647
37,"other-DWG",0.911,0.024,0.224,0.274,1,0.094,0.269,0.19,0.184,0.433
38,"blueline-tilefish",0.185,0.023,0.077,0.177,1,0.031,0.149,0.145,0.117,0.172
41,"lionfish-adult",1,0.236,0.556,0.541,0.398,0.265,0.699,0.574,0.574,0.392
42,"gray-triggerfish",1,0.685,0.606,0.613,0.16,0.481,0.468,0.581,0.603,0.423
43,"red-porgy",1,0.25,0.308,0.677,0.711,0.305,0.556,0.558,0.489,0.492
44,"hogfish",0.206,0.451,0.589,0.985,0.076,1,0.271,0.392,0.402,0.281
46,"reef-carnivores",1,0.776,0.53,0.655,0.435,0.701,0.609,0.629,0.658,0.575
47,"reef-crustacean-eaters",0.904,0.242,0.33,1,0.328,0.768,0.507,0.534,0.545,0.431
48,"reef-invertivores",0.669,1,0.337,0.421,0.198,0.668,0.332,0.502,0.543,0.369
49,"medium-reef-omnivores",1,0.674,0.52,0.452,0.161,0.423,0.304,0.365,0.359,0.267
50,"small-reef-omnivores",0.627,0.236,0.477,1,0.095,0.787,0.483,0.532,0.508,0.463
51,"reef-planktivores",0.694,0.315,0.735,1,0.46,0.445,0.663,0.519,0.495,0.511
52,"coastal-piscivores",0.827,1,0.981,0.78,0.046,0.907,0.397,0.763,0.779,0.523
53,"offshore-demersal-carnivores",1,0.252,0.988,0.387,0.123,0.247,0.242,0.299,0.292,0.201
54,"nearshore-demersal-carnivores",1,0.879,0.487,0.743,0.096,0.988,0.23,0.556,0.591,0.275
55,"demersal-omnivores",0.259,0.764,0.359,0.848,0.019,1,0.266,0.379,0.406,0.229
56,"sardine-herring-scad",0.925,1,0.431,0.458,0.235,0.537,0.487,0.564,0.557,0.412
58,"offshore-small-pelagics",0.581,1,0.211,0.276,0.012,0.693,0.217,0.269,0.359,0.192
