"modnumber","modname","code","family","avail","used","w","w_lo","w_hi","A","sig","coverage","n","n_pos"
4,"pelagic-sharks","AH","reef",0.00023,0.00063,2.756,1.002,6.009,1,"for","good",1131,82
4,"pelagic-sharks","AM","reef",0.00047,0.00105,2.257,0.892,4.157,0.819,"ns","good",1131,82
4,"pelagic-sharks","AL","reef",9e-05,0.00015,1.591,0.413,3.377,0.577,"ns","good",1131,82
4,"pelagic-sharks","NH","reef",0.01827,0.02921,1.599,0.624,3.02,0.58,"ns","good",1131,82
4,"pelagic-sharks","NM","reef",0.00083,3e-04,0.362,0.152,0.665,0.131,"against","good",1131,82
4,"pelagic-sharks","NL","reef",0.02878,0.04415,1.534,1.015,2.222,0.557,"for","good",1131,82
4,"pelagic-sharks","RCK","sediment",0.03296,0.02896,0.879,0.568,1.235,0.319,"ns","partial",1131,82
4,"pelagic-sharks","GVL","sediment",0.25552,0.26241,1.027,0.93,1.131,0.373,"ns","good",1131,82
4,"pelagic-sharks","SND","sediment",0.57605,0.58083,1.008,0.954,1.06,0.366,"ns","good",1131,82
4,"pelagic-sharks","MUD","sediment",0.08523,0.05232,0.614,0.445,0.774,0.223,"against","poor",1131,82
5,"large-demersal-sharks","AH","reef",0.00023,0.00034,1.497,0.743,2.829,0.66,"ns","good",1131,254
5,"large-demersal-sharks","AM","reef",0.00047,0.00091,1.955,1.186,2.764,0.862,"for","good",1131,254
5,"large-demersal-sharks","AL","reef",9e-05,0.00019,2.068,1.123,3,0.912,"for","good",1131,254
5,"large-demersal-sharks","NH","reef",0.01827,0.04142,2.268,1.794,2.787,1,"for","good",1131,254
5,"large-demersal-sharks","NM","reef",0.00083,1e-04,0.125,0.064,0.207,0.055,"against","good",1131,254
5,"large-demersal-sharks","NL","reef",0.02878,0.03895,1.353,1.125,1.611,0.597,"for","good",1131,254
5,"large-demersal-sharks","RCK","sediment",0.03296,0.02589,0.786,0.629,0.948,0.346,"against","partial",1131,254
5,"large-demersal-sharks","GVL","sediment",0.25552,0.26504,1.037,0.984,1.087,0.457,"ns","good",1131,254
5,"large-demersal-sharks","SND","sediment",0.57605,0.56262,0.977,0.951,1.003,0.431,"ns","good",1131,254
5,"large-demersal-sharks","MUD","sediment",0.08523,0.06415,0.753,0.622,0.884,0.332,"against","poor",1131,254
6,"small-sharks-and-rays","AH","reef",0.00023,0.00036,1.571,0.634,3.622,0.549,"ns","good",1131,86
6,"small-sharks-and-rays","AM","reef",0.00047,0.00102,2.198,1.01,4.097,0.768,"for","good",1131,86
6,"small-sharks-and-rays","AL","reef",9e-05,0.00011,1.192,0.34,2.943,0.416,"ns","good",1131,86
6,"small-sharks-and-rays","NH","reef",0.01827,0.0523,2.863,1.906,4.349,1,"for","good",1131,86
6,"small-sharks-and-rays","NM","reef",0.00083,0.00049,0.59,0.282,1.079,0.206,"ns","good",1131,86
6,"small-sharks-and-rays","NL","reef",0.02878,0.05459,1.897,1.177,2.515,0.663,"for","good",1131,86
6,"small-sharks-and-rays","RCK","sediment",0.03296,0.01856,0.563,0.332,0.862,0.197,"against","partial",1131,86
6,"small-sharks-and-rays","GVL","sediment",0.25552,0.25363,0.993,0.849,1.105,0.347,"ns","good",1131,86
6,"small-sharks-and-rays","SND","sediment",0.57605,0.52692,0.915,0.861,0.959,0.319,"against","good",1131,86
6,"small-sharks-and-rays","MUD","sediment",0.08523,0.092,1.079,0.622,1.742,0.377,"ns","poor",1131,86
7,"pelagic-piscivores","AH","reef",0.00023,0.00025,1.11,0.93,1.476,0.676,"ns","good",1131,851
7,"pelagic-piscivores","AM","reef",0.00047,0.00049,1.048,0.799,1.386,0.639,"ns","good",1131,851
7,"pelagic-piscivores","AL","reef",9e-05,0.00015,1.642,1.349,1.884,1,"for","good",1131,851
7,"pelagic-piscivores","NH","reef",0.01827,0.01806,0.989,0.839,1.187,0.602,"ns","good",1131,851
7,"pelagic-piscivores","NM","reef",0.00083,3e-04,0.358,0.261,0.485,0.218,"against","good",1131,851
7,"pelagic-piscivores","NL","reef",0.02878,0.02602,0.904,0.798,1.017,0.551,"ns","good",1131,851
7,"pelagic-piscivores","RCK","sediment",0.03296,0.03025,0.918,0.808,1.048,0.559,"ns","partial",1131,851
7,"pelagic-piscivores","GVL","sediment",0.25552,0.26415,1.034,0.994,1.071,0.63,"ns","good",1131,851
7,"pelagic-piscivores","SND","sediment",0.57605,0.58771,1.02,1.002,1.04,0.622,"for","good",1131,851
7,"pelagic-piscivores","MUD","sediment",0.08523,0.0715,0.839,0.763,0.915,0.511,"against","poor",1131,851
12,"cobia","AH","reef",0.00023,0.00055,2.409,0.672,5.657,0.687,"ns","good",1131,58
12,"cobia","AM","reef",0.00047,0.00163,3.505,1.702,6.188,1,"for","good",1131,58
12,"cobia","AL","reef",9e-05,6e-05,0.678,0.315,1.314,0.194,"ns","good",1131,58
12,"cobia","NH","reef",0.01827,0.04454,2.438,0.744,4.691,0.696,"ns","good",1131,58
12,"cobia","NM","reef",0.00083,0.00012,0.147,0.041,0.326,0.042,"against","good",1131,58
12,"cobia","NL","reef",0.02878,0.03675,1.277,0.723,1.945,0.364,"ns","good",1131,58
12,"cobia","RCK","sediment",0.03296,0.01692,0.513,0.277,0.811,0.146,"against","partial",1131,58
12,"cobia","GVL","sediment",0.25552,0.25727,1.007,0.879,1.13,0.287,"ns","good",1131,58
12,"cobia","SND","sediment",0.57605,0.59642,1.035,0.951,1.11,0.295,"ns","good",1131,58
12,"cobia","MUD","sediment",0.08523,0.04425,0.519,0.34,0.736,0.148,"against","poor",1131,58
14,"red-snapper-0","AH","reef",0.00023,0.00037,1.62,0.525,4.014,0.604,"ns","good",1131,85
14,"red-snapper-0","AM","reef",0.00047,0.00047,1.017,0.445,1.829,0.38,"ns","good",1131,85
14,"red-snapper-0","AL","reef",9e-05,0.00025,2.679,0.318,7.406,1,"ns","good",1131,85
14,"red-snapper-0","NH","reef",0.01827,0.00886,0.485,0.181,0.988,0.181,"against","good",1131,85
14,"red-snapper-0","NM","reef",0.00083,3e-04,0.367,0.039,0.837,0.137,"against","good",1131,85
14,"red-snapper-0","NL","reef",0.02878,0.01515,0.526,0.355,0.719,0.196,"against","good",1131,85
14,"red-snapper-0","RCK","sediment",0.03296,0.02085,0.633,0.425,0.867,0.236,"against","partial",1131,85
14,"red-snapper-0","GVL","sediment",0.25552,0.23931,0.937,0.842,1.037,0.35,"ns","good",1131,85
14,"red-snapper-0","SND","sediment",0.57605,0.64902,1.127,1.078,1.175,0.421,"for","good",1131,85
14,"red-snapper-0","MUD","sediment",0.08523,0.06443,0.756,0.527,1.02,0.282,"ns","poor",1131,85
15,"red-snapper-1-2","AH","reef",0.00023,0.00057,2.483,1.165,3.577,1,"for","good",1131,514
15,"red-snapper-1-2","AM","reef",0.00047,0.00076,1.641,0.692,2.875,0.661,"ns","good",1131,514
15,"red-snapper-1-2","AL","reef",9e-05,0.00011,1.223,0.604,1.861,0.492,"ns","good",1131,514
15,"red-snapper-1-2","NH","reef",0.01827,0.00865,0.474,0.337,0.652,0.191,"against","good",1131,514
15,"red-snapper-1-2","NM","reef",0.00083,0.00025,0.305,0.171,0.501,0.123,"against","good",1131,514
15,"red-snapper-1-2","NL","reef",0.02878,0.01526,0.53,0.404,0.694,0.214,"against","good",1131,514
15,"red-snapper-1-2","RCK","sediment",0.03296,0.02319,0.704,0.548,0.866,0.283,"against","partial",1131,514
15,"red-snapper-1-2","GVL","sediment",0.25552,0.25694,1.006,0.917,1.088,0.405,"ns","good",1131,514
15,"red-snapper-1-2","SND","sediment",0.57605,0.60336,1.047,1.016,1.078,0.422,"for","good",1131,514
15,"red-snapper-1-2","MUD","sediment",0.08523,0.08727,1.024,0.827,1.243,0.412,"ns","poor",1131,514
16,"red-snapper-3-","AH","reef",0.00023,0.00033,1.433,1.087,1.886,0.976,"for","good",1131,670
16,"red-snapper-3-","AM","reef",0.00047,0.00068,1.468,0.727,2.469,1,"ns","good",1131,670
16,"red-snapper-3-","AL","reef",9e-05,0.00012,1.307,0.68,1.939,0.89,"ns","good",1131,670
16,"red-snapper-3-","NH","reef",0.01827,0.01646,0.901,0.708,1.132,0.614,"ns","good",1131,670
16,"red-snapper-3-","NM","reef",0.00083,0.00033,0.398,0.287,0.529,0.271,"against","good",1131,670
16,"red-snapper-3-","NL","reef",0.02878,0.02109,0.733,0.634,0.835,0.499,"against","good",1131,670
16,"red-snapper-3-","RCK","sediment",0.03296,0.02901,0.88,0.764,0.998,0.6,"against","partial",1131,670
16,"red-snapper-3-","GVL","sediment",0.25552,0.25712,1.006,0.958,1.051,0.686,"ns","good",1131,670
16,"red-snapper-3-","SND","sediment",0.57605,0.58942,1.023,1.004,1.043,0.697,"for","good",1131,670
16,"red-snapper-3-","MUD","sediment",0.08523,0.08233,0.966,0.869,1.072,0.658,"ns","poor",1131,670
17,"vermilion-snapper","AH","reef",0.00023,0.00079,3.476,1.523,4.871,1,"for","good",1131,677
17,"vermilion-snapper","AM","reef",0.00047,0.001,2.143,0.925,3.439,0.617,"ns","good",1131,677
17,"vermilion-snapper","AL","reef",9e-05,0.00011,1.131,0.608,1.754,0.325,"ns","good",1131,677
17,"vermilion-snapper","NH","reef",0.01827,0.01617,0.885,0.65,1.178,0.255,"ns","good",1131,677
17,"vermilion-snapper","NM","reef",0.00083,0.00067,0.812,0.586,1.116,0.234,"ns","good",1131,677
17,"vermilion-snapper","NL","reef",0.02878,0.01335,0.464,0.306,0.706,0.133,"against","good",1131,677
17,"vermilion-snapper","RCK","sediment",0.03296,0.04081,1.238,1.068,1.43,0.356,"for","partial",1131,677
17,"vermilion-snapper","GVL","sediment",0.25552,0.2749,1.076,1.005,1.16,0.31,"for","good",1131,677
17,"vermilion-snapper","SND","sediment",0.57605,0.58211,1.011,0.977,1.043,0.291,"ns","good",1131,677
17,"vermilion-snapper","MUD","sediment",0.08523,0.06847,0.803,0.686,0.931,0.231,"against","poor",1131,677
19,"other-snapper","AH","reef",0.00023,0.00036,1.578,0.774,3.146,1,"ns","good",1131,872
19,"other-snapper","AM","reef",0.00047,7e-04,1.494,1.009,2.126,0.947,"for","good",1131,872
19,"other-snapper","AL","reef",9e-05,0.00012,1.265,0.746,2.204,0.801,"ns","good",1131,872
19,"other-snapper","NH","reef",0.01827,0.01717,0.94,0.764,1.131,0.595,"ns","good",1131,872
19,"other-snapper","NM","reef",0.00083,0.00047,0.569,0.405,0.729,0.361,"against","good",1131,872
19,"other-snapper","NL","reef",0.02878,0.02595,0.902,0.779,1.033,0.571,"ns","good",1131,872
19,"other-snapper","RCK","sediment",0.03296,0.0292,0.886,0.796,0.99,0.561,"against","partial",1131,872
19,"other-snapper","GVL","sediment",0.25552,0.25965,1.016,0.975,1.054,0.644,"ns","good",1131,872
19,"other-snapper","SND","sediment",0.57605,0.58087,1.008,0.992,1.026,0.639,"ns","good",1131,872
19,"other-snapper","MUD","sediment",0.08523,0.08366,0.982,0.907,1.053,0.622,"ns","poor",1131,872
20,"gag-0","AH","reef",0.00023,0.00045,1.95,0.569,4.482,0.815,"ns","good",1131,91
20,"gag-0","AM","reef",0.00047,0.00051,1.092,0.462,1.932,0.456,"ns","good",1131,91
20,"gag-0","AL","reef",9e-05,6e-05,0.61,0.215,1.358,0.255,"ns","good",1131,91
20,"gag-0","NH","reef",0.01827,0.04372,2.393,1.261,3.751,1,"for","good",1131,91
20,"gag-0","NM","reef",0.00083,0.00057,0.684,0.24,1.27,0.286,"ns","good",1131,91
20,"gag-0","NL","reef",0.02878,0.0671,2.332,1.668,3.055,0.974,"for","good",1131,91
20,"gag-0","RCK","sediment",0.03296,0.02077,0.63,0.401,0.902,0.263,"against","partial",1131,91
20,"gag-0","GVL","sediment",0.25552,0.24867,0.973,0.885,1.068,0.407,"ns","good",1131,91
20,"gag-0","SND","sediment",0.57605,0.54645,0.949,0.895,1.001,0.396,"ns","good",1131,91
20,"gag-0","MUD","sediment",0.08523,0.06986,0.82,0.54,1.144,0.342,"ns","poor",1131,91
21,"gag-1","AH","reef",0.00023,0.00035,1.536,0.438,3.843,0.567,"ns","good",1131,180
21,"gag-1","AM","reef",0.00047,0.00057,1.215,0.635,1.959,0.448,"ns","good",1131,180
21,"gag-1","AL","reef",9e-05,8e-05,0.824,0.384,1.568,0.304,"ns","good",1131,180
21,"gag-1","NH","reef",0.01827,0.04953,2.711,1.746,3.807,1,"for","good",1131,180
21,"gag-1","NM","reef",0.00083,9e-05,0.114,0.043,0.216,0.042,"against","good",1131,180
21,"gag-1","NL","reef",0.02878,0.05978,2.077,1.662,2.507,0.766,"for","good",1131,180
21,"gag-1","RCK","sediment",0.03296,0.01424,0.432,0.295,0.576,0.159,"against","partial",1131,180
21,"gag-1","GVL","sediment",0.25552,0.2501,0.979,0.912,1.047,0.361,"ns","good",1131,180
21,"gag-1","SND","sediment",0.57605,0.56431,0.98,0.94,1.018,0.361,"ns","good",1131,180
21,"gag-1","MUD","sediment",0.08523,0.05967,0.7,0.53,0.885,0.258,"against","poor",1131,180
22,"gag-2","AH","reef",0.00023,0.00032,1.382,0.553,2.834,0.588,"ns","good",1131,185
22,"gag-2","AM","reef",0.00047,0.00051,1.107,0.601,1.761,0.471,"ns","good",1131,185
22,"gag-2","AL","reef",9e-05,8e-05,0.83,0.336,1.621,0.353,"ns","good",1131,185
22,"gag-2","NH","reef",0.01827,0.04295,2.351,1.591,3.209,1,"for","good",1131,185
22,"gag-2","NM","reef",0.00083,0.00022,0.265,0.079,0.504,0.113,"against","good",1131,185
22,"gag-2","NL","reef",0.02878,0.05804,2.017,1.627,2.404,0.858,"for","good",1131,185
22,"gag-2","RCK","sediment",0.03296,0.01785,0.542,0.373,0.726,0.23,"against","partial",1131,185
22,"gag-2","GVL","sediment",0.25552,0.24228,0.948,0.876,1.022,0.403,"ns","good",1131,185
22,"gag-2","SND","sediment",0.57605,0.55908,0.971,0.934,1.014,0.413,"ns","good",1131,185
22,"gag-2","MUD","sediment",0.08523,0.07198,0.845,0.648,1.039,0.359,"ns","poor",1131,185
23,"gag-3","AH","reef",0.00023,0.00075,3.285,1.419,4.587,1,"for","good",1131,172
23,"gag-3","AM","reef",0.00047,0.00044,0.936,0.515,1.586,0.285,"ns","good",1131,172
23,"gag-3","AL","reef",9e-05,6e-05,0.667,0.256,1.481,0.203,"ns","good",1131,172
23,"gag-3","NH","reef",0.01827,0.03486,1.909,1.234,2.63,0.581,"for","good",1131,172
23,"gag-3","NM","reef",0.00083,0.00026,0.311,0.135,0.554,0.095,"against","good",1131,172
23,"gag-3","NL","reef",0.02878,0.04575,1.59,1.225,1.964,0.484,"for","good",1131,172
23,"gag-3","RCK","sediment",0.03296,0.02288,0.694,0.508,0.898,0.211,"against","partial",1131,172
23,"gag-3","GVL","sediment",0.25552,0.24728,0.968,0.896,1.036,0.295,"ns","good",1131,172
23,"gag-3","SND","sediment",0.57605,0.57073,0.991,0.954,1.031,0.302,"ns","good",1131,172
23,"gag-3","MUD","sediment",0.08523,0.07588,0.89,0.694,1.083,0.271,"ns","poor",1131,172
24,"gag-4","AH","reef",0.00023,0.00033,1.432,0.527,3.113,0.569,"ns","good",1131,178
24,"gag-4","AM","reef",0.00047,0.00043,0.918,0.464,1.59,0.365,"ns","good",1131,178
24,"gag-4","AL","reef",9e-05,9e-05,0.97,0.425,1.829,0.386,"ns","good",1131,178
24,"gag-4","NH","reef",0.01827,0.04593,2.514,1.747,3.375,1,"for","good",1131,178
24,"gag-4","NM","reef",0.00083,0.00028,0.343,0.158,0.613,0.136,"against","good",1131,178
24,"gag-4","NL","reef",0.02878,0.04808,1.671,1.205,2.168,0.664,"for","good",1131,178
24,"gag-4","RCK","sediment",0.03296,0.02627,0.797,0.611,0.998,0.317,"against","partial",1131,178
24,"gag-4","GVL","sediment",0.25552,0.24997,0.978,0.902,1.046,0.389,"ns","good",1131,178
24,"gag-4","SND","sediment",0.57605,0.54333,0.943,0.908,0.982,0.375,"against","good",1131,178
24,"gag-4","MUD","sediment",0.08523,0.08524,1,0.77,1.212,0.398,"ns","poor",1131,178
25,"gag-5-","AH","reef",0.00023,0.00029,1.282,0.642,2.32,0.581,"ns","good",1131,330
25,"gag-5-","AM","reef",0.00047,0.00063,1.347,0.864,1.883,0.611,"ns","good",1131,330
25,"gag-5-","AL","reef",9e-05,7e-05,0.785,0.431,1.372,0.356,"ns","good",1131,330
25,"gag-5-","NH","reef",0.01827,0.04031,2.207,1.798,2.725,1,"for","good",1131,330
25,"gag-5-","NM","reef",0.00083,4e-04,0.488,0.309,0.732,0.221,"against","good",1131,330
25,"gag-5-","NL","reef",0.02878,0.04201,1.46,1.214,1.733,0.662,"for","good",1131,330
25,"gag-5-","RCK","sediment",0.03296,0.02848,0.864,0.714,1.026,0.392,"ns","partial",1131,330
25,"gag-5-","GVL","sediment",0.25552,0.25823,1.011,0.955,1.063,0.458,"ns","good",1131,330
25,"gag-5-","SND","sediment",0.57605,0.55114,0.957,0.932,0.985,0.434,"against","good",1131,330
25,"gag-5-","MUD","sediment",0.08523,0.07786,0.914,0.756,1.055,0.414,"ns","poor",1131,330
26,"red-grouper-0","AH","reef",0.00023,0.00038,1.669,0.794,3.414,0.529,"ns","good",1131,148
26,"red-grouper-0","AM","reef",0.00047,0.0012,2.577,1.342,4.184,0.817,"for","good",1131,148
26,"red-grouper-0","AL","reef",9e-05,0.00012,1.295,0.582,2.369,0.41,"ns","good",1131,148
26,"red-grouper-0","NH","reef",0.01827,0.05764,3.155,2.04,4.372,1,"for","good",1131,148
26,"red-grouper-0","NM","reef",0.00083,0.00024,0.295,0.095,0.567,0.093,"against","good",1131,148
26,"red-grouper-0","NL","reef",0.02878,0.03645,1.267,0.952,1.59,0.401,"ns","good",1131,148
26,"red-grouper-0","RCK","sediment",0.03296,0.03016,0.915,0.672,1.167,0.29,"ns","partial",1131,148
26,"red-grouper-0","GVL","sediment",0.25552,0.25133,0.984,0.891,1.07,0.312,"ns","good",1131,148
26,"red-grouper-0","SND","sediment",0.57605,0.55426,0.962,0.913,1.005,0.305,"ns","good",1131,148
26,"red-grouper-0","MUD","sediment",0.08523,0.06816,0.8,0.623,0.99,0.253,"against","poor",1131,148
27,"red-grouper-1","AH","reef",0.00023,0.00018,0.777,0.26,1.909,0.255,"ns","good",1131,198
27,"red-grouper-1","AM","reef",0.00047,0.00049,1.064,0.555,1.805,0.349,"ns","good",1131,198
27,"red-grouper-1","AL","reef",9e-05,0.00011,1.165,0.464,2.225,0.382,"ns","good",1131,198
27,"red-grouper-1","NH","reef",0.01827,0.05575,3.052,2.367,3.796,1,"for","good",1131,198
27,"red-grouper-1","NM","reef",0.00083,0.00019,0.225,0.096,0.429,0.074,"against","good",1131,198
27,"red-grouper-1","NL","reef",0.02878,0.04387,1.524,1.215,1.874,0.5,"for","good",1131,198
27,"red-grouper-1","RCK","sediment",0.03296,0.03931,1.193,0.894,1.526,0.391,"ns","partial",1131,198
27,"red-grouper-1","GVL","sediment",0.25552,0.23936,0.937,0.86,1.007,0.307,"ns","good",1131,198
27,"red-grouper-1","SND","sediment",0.57605,0.54149,0.94,0.904,0.971,0.308,"against","good",1131,198
27,"red-grouper-1","MUD","sediment",0.08523,0.07862,0.922,0.738,1.112,0.302,"ns","poor",1131,198
28,"red-grouper-2","AH","reef",0.00023,9e-05,0.404,0.183,0.862,0.155,"against","good",1131,284
28,"red-grouper-2","AM","reef",0.00047,0.00028,0.594,0.29,1.022,0.228,"ns","good",1131,284
28,"red-grouper-2","AL","reef",9e-05,9e-05,0.945,0.409,1.668,0.363,"ns","good",1131,284
28,"red-grouper-2","NH","reef",0.01827,0.04758,2.604,2.136,3.055,1,"for","good",1131,284
28,"red-grouper-2","NM","reef",0.00083,2e-04,0.244,0.131,0.395,0.094,"against","good",1131,284
28,"red-grouper-2","NL","reef",0.02878,0.04741,1.647,1.397,1.915,0.633,"for","good",1131,284
28,"red-grouper-2","RCK","sediment",0.03296,0.03364,1.021,0.844,1.199,0.392,"ns","partial",1131,284
28,"red-grouper-2","GVL","sediment",0.25552,0.26461,1.036,0.986,1.089,0.398,"ns","good",1131,284
28,"red-grouper-2","SND","sediment",0.57605,0.53212,0.924,0.898,0.949,0.355,"against","good",1131,284
28,"red-grouper-2","MUD","sediment",0.08523,0.07397,0.868,0.739,1.004,0.333,"ns","poor",1131,284
29,"red-grouper-3","AH","reef",0.00023,0.00019,0.848,0.287,2.057,0.442,"ns","good",1131,332
29,"red-grouper-3","AM","reef",0.00047,0.00035,0.757,0.371,1.24,0.394,"ns","good",1131,332
29,"red-grouper-3","AL","reef",9e-05,0.00012,1.269,0.567,2.271,0.661,"ns","good",1131,332
29,"red-grouper-3","NH","reef",0.01827,0.03507,1.92,1.507,2.339,1,"for","good",1131,332
29,"red-grouper-3","NM","reef",0.00083,0.00028,0.343,0.218,0.517,0.179,"against","good",1131,332
29,"red-grouper-3","NL","reef",0.02878,0.04284,1.489,1.288,1.717,0.775,"for","good",1131,332
29,"red-grouper-3","RCK","sediment",0.03296,0.03542,1.075,0.917,1.229,0.56,"ns","partial",1131,332
29,"red-grouper-3","GVL","sediment",0.25552,0.26654,1.043,0.99,1.097,0.543,"ns","good",1131,332
29,"red-grouper-3","SND","sediment",0.57605,0.53947,0.937,0.912,0.959,0.488,"against","good",1131,332
29,"red-grouper-3","MUD","sediment",0.08523,0.07972,0.935,0.807,1.063,0.487,"ns","poor",1131,332
30,"red-grouper-4","AH","reef",0.00023,0.00013,0.572,0.166,1.477,0.299,"ns","good",1131,331
30,"red-grouper-4","AM","reef",0.00047,0.00021,0.447,0.227,0.739,0.233,"against","good",1131,331
30,"red-grouper-4","AL","reef",9e-05,0.00012,1.327,0.665,2.187,0.692,"ns","good",1131,331
30,"red-grouper-4","NH","reef",0.01827,0.035,1.916,1.485,2.392,1,"for","good",1131,331
30,"red-grouper-4","NM","reef",0.00083,0.00029,0.352,0.213,0.547,0.184,"against","good",1131,331
30,"red-grouper-4","NL","reef",0.02878,0.04153,1.443,1.221,1.692,0.753,"for","good",1131,331
30,"red-grouper-4","RCK","sediment",0.03296,0.03446,1.046,0.894,1.205,0.546,"ns","partial",1131,331
30,"red-grouper-4","GVL","sediment",0.25552,0.26435,1.035,0.981,1.083,0.54,"ns","good",1131,331
30,"red-grouper-4","SND","sediment",0.57605,0.55127,0.957,0.931,0.982,0.499,"against","good",1131,331
30,"red-grouper-4","MUD","sediment",0.08523,0.07249,0.851,0.743,0.966,0.444,"against","poor",1131,331
31,"red-grouper-5-","AH","reef",0.00023,2e-04,0.87,0.372,1.21,0.658,"ns","good",1131,622
31,"red-grouper-5-","AM","reef",0.00047,0.00028,0.599,0.302,1,0.453,"ns","good",1131,622
31,"red-grouper-5-","AL","reef",9e-05,9e-05,0.969,0.602,1.448,0.733,"ns","good",1131,622
31,"red-grouper-5-","NH","reef",0.01827,0.02414,1.322,1.118,1.509,1,"for","good",1131,622
31,"red-grouper-5-","NM","reef",0.00083,0.00032,0.391,0.286,0.527,0.296,"against","good",1131,622
31,"red-grouper-5-","NL","reef",0.02878,0.03339,1.16,1.057,1.27,0.878,"for","good",1131,622
31,"red-grouper-5-","RCK","sediment",0.03296,0.03725,1.13,1.019,1.242,0.855,"for","partial",1131,622
31,"red-grouper-5-","GVL","sediment",0.25552,0.26247,1.027,0.996,1.056,0.777,"ns","good",1131,622
31,"red-grouper-5-","SND","sediment",0.57605,0.56062,0.973,0.959,0.987,0.736,"against","good",1131,622
31,"red-grouper-5-","MUD","sediment",0.08523,0.08107,0.951,0.874,1.031,0.72,"ns","poor",1131,622
36,"other-SWG","AH","reef",0.00023,0.00038,1.679,1.154,2.01,1,"for","good",1131,614
36,"other-SWG","AM","reef",0.00047,0.00038,0.808,0.565,1.074,0.481,"ns","good",1131,614
36,"other-SWG","AL","reef",9e-05,0.00012,1.23,0.774,1.77,0.733,"ns","good",1131,614
36,"other-SWG","NH","reef",0.01827,0.02395,1.311,1.128,1.541,0.781,"for","good",1131,614
36,"other-SWG","NM","reef",0.00083,0.00073,0.882,0.657,1.152,0.525,"ns","good",1131,614
36,"other-SWG","NL","reef",0.02878,0.02386,0.829,0.711,0.951,0.494,"against","good",1131,614
36,"other-SWG","RCK","sediment",0.03296,0.03673,1.114,0.992,1.24,0.664,"ns","partial",1131,614
36,"other-SWG","GVL","sediment",0.25552,0.25525,0.999,0.962,1.039,0.595,"ns","good",1131,614
36,"other-SWG","SND","sediment",0.57605,0.56566,0.982,0.961,1.002,0.585,"ns","good",1131,614
36,"other-SWG","MUD","sediment",0.08523,0.09258,1.086,0.959,1.228,0.647,"ns","poor",1131,614
37,"other-DWG","AH","reef",0.00023,0.001,4.361,0.063,8.565,0.911,"ns","good",1131,71
37,"other-DWG","AM","reef",0.00047,5e-05,0.115,0.002,0.394,0.024,"against","good",1131,71
37,"other-DWG","AL","reef",9e-05,1e-04,1.073,0.083,2.486,0.224,"ns","good",1131,71
37,"other-DWG","NH","reef",0.01827,0.02395,1.311,0.687,2.171,0.274,"ns","good",1131,71
37,"other-DWG","NM","reef",0.00083,0.00396,4.785,3.24,6.629,1,"for","good",1131,71
37,"other-DWG","NL","reef",0.02878,0.0129,0.448,0.199,0.748,0.094,"against","good",1131,71
37,"other-DWG","RCK","sediment",0.03296,0.04237,1.286,0.863,1.712,0.269,"ns","partial",1131,71
37,"other-DWG","GVL","sediment",0.25552,0.23221,0.909,0.751,1.093,0.19,"ns","good",1131,71
37,"other-DWG","SND","sediment",0.57605,0.50685,0.88,0.81,0.958,0.184,"against","good",1131,71
37,"other-DWG","MUD","sediment",0.08523,0.1766,2.072,1.476,2.622,0.433,"for","poor",1131,71
38,"blueline-tilefish","AH","reef",0.00023,0.00033,1.438,0.024,5.333,0.185,"ns","good",1131,101
38,"blueline-tilefish","AM","reef",0.00047,8e-05,0.175,0.025,0.445,0.023,"against","good",1131,101
38,"blueline-tilefish","AL","reef",9e-05,6e-05,0.598,0.067,1.455,0.077,"ns","good",1131,101
38,"blueline-tilefish","NH","reef",0.01827,0.02506,1.372,0.731,2.348,0.177,"ns","good",1131,101
38,"blueline-tilefish","NM","reef",0.00083,0.00643,7.764,4.224,11.633,1,"for","good",1131,101
38,"blueline-tilefish","NL","reef",0.02878,0.00689,0.239,0.113,0.434,0.031,"against","good",1131,101
38,"blueline-tilefish","RCK","sediment",0.03296,0.03801,1.153,0.846,1.532,0.149,"ns","partial",1131,101
38,"blueline-tilefish","GVL","sediment",0.25552,0.28808,1.127,0.981,1.254,0.145,"ns","good",1131,101
38,"blueline-tilefish","SND","sediment",0.57605,0.52118,0.905,0.846,0.958,0.117,"against","good",1131,101
38,"blueline-tilefish","MUD","sediment",0.08523,0.11389,1.336,1.059,1.671,0.172,"for","poor",1131,101
41,"lionfish-adult","AH","reef",0.00023,0.00041,1.811,0.835,2.475,1,"ns","good",1131,471
41,"lionfish-adult","AM","reef",0.00047,2e-04,0.427,0.196,0.754,0.236,"against","good",1131,471
41,"lionfish-adult","AL","reef",9e-05,9e-05,1.006,0.586,1.622,0.556,"ns","good",1131,471
41,"lionfish-adult","NH","reef",0.01827,0.01788,0.979,0.662,1.405,0.541,"ns","good",1131,471
41,"lionfish-adult","NM","reef",0.00083,6e-04,0.72,0.521,0.988,0.398,"against","good",1131,471
41,"lionfish-adult","NL","reef",0.02878,0.01379,0.479,0.331,0.666,0.265,"against","good",1131,471
41,"lionfish-adult","RCK","sediment",0.03296,0.04172,1.266,1.077,1.469,0.699,"for","partial",1131,471
41,"lionfish-adult","GVL","sediment",0.25552,0.26568,1.04,0.932,1.134,0.574,"ns","good",1131,471
41,"lionfish-adult","SND","sediment",0.57605,0.59891,1.04,0.987,1.1,0.574,"ns","good",1131,471
41,"lionfish-adult","MUD","sediment",0.08523,0.06053,0.71,0.605,0.838,0.392,"against","poor",1131,471
42,"gray-triggerfish","AH","reef",0.00023,4e-04,1.74,1.268,2.116,1,"for","good",1131,680
42,"gray-triggerfish","AM","reef",0.00047,0.00055,1.192,0.879,1.554,0.685,"ns","good",1131,680
42,"gray-triggerfish","AL","reef",9e-05,1e-04,1.054,0.7,1.433,0.606,"ns","good",1131,680
42,"gray-triggerfish","NH","reef",0.01827,0.01947,1.066,0.94,1.202,0.613,"ns","good",1131,680
42,"gray-triggerfish","NM","reef",0.00083,0.00023,0.278,0.193,0.389,0.16,"against","good",1131,680
42,"gray-triggerfish","NL","reef",0.02878,0.02408,0.837,0.735,0.947,0.481,"against","good",1131,680
42,"gray-triggerfish","RCK","sediment",0.03296,0.02685,0.815,0.731,0.896,0.468,"against","partial",1131,680
42,"gray-triggerfish","GVL","sediment",0.25552,0.25808,1.01,0.976,1.043,0.581,"ns","good",1131,680
42,"gray-triggerfish","SND","sediment",0.57605,0.60436,1.049,1.03,1.067,0.603,"for","good",1131,680
42,"gray-triggerfish","MUD","sediment",0.08523,0.06271,0.736,0.666,0.813,0.423,"against","poor",1131,680
43,"red-porgy","AH","reef",0.00023,0.00045,1.973,0.853,2.674,1,"ns","good",1131,473
43,"red-porgy","AM","reef",0.00047,0.00023,0.493,0.292,0.714,0.25,"against","good",1131,473
43,"red-porgy","AL","reef",9e-05,6e-05,0.608,0.319,1.07,0.308,"ns","good",1131,473
43,"red-porgy","NH","reef",0.01827,0.0244,1.336,1.072,1.666,0.677,"for","good",1131,473
43,"red-porgy","NM","reef",0.00083,0.00116,1.402,1.083,1.73,0.711,"for","good",1131,473
43,"red-porgy","NL","reef",0.02878,0.01731,0.601,0.486,0.725,0.305,"against","good",1131,473
43,"red-porgy","RCK","sediment",0.03296,0.03617,1.098,0.95,1.244,0.556,"ns","partial",1131,473
43,"red-porgy","GVL","sediment",0.25552,0.28139,1.101,1.038,1.168,0.558,"for","good",1131,473
43,"red-porgy","SND","sediment",0.57605,0.55575,0.965,0.935,0.998,0.489,"against","good",1131,473
43,"red-porgy","MUD","sediment",0.08523,0.08268,0.97,0.853,1.088,0.492,"ns","poor",1131,473
44,"hogfish","AH","reef",0.00023,0.00011,0.5,0.212,1.205,0.206,"ns","good",1131,301
44,"hogfish","AM","reef",0.00047,0.00051,1.096,0.639,1.686,0.451,"ns","good",1131,301
44,"hogfish","AL","reef",9e-05,0.00013,1.429,0.825,2.239,0.589,"ns","good",1131,301
44,"hogfish","NH","reef",0.01827,0.04368,2.391,1.865,2.953,0.985,"for","good",1131,301
44,"hogfish","NM","reef",0.00083,0.00015,0.184,0.094,0.308,0.076,"against","good",1131,301
44,"hogfish","NL","reef",0.02878,0.06986,2.428,2.121,2.749,1,"for","good",1131,301
44,"hogfish","RCK","sediment",0.03296,0.02169,0.658,0.519,0.8,0.271,"against","partial",1131,301
44,"hogfish","GVL","sediment",0.25552,0.24298,0.951,0.894,1.011,0.392,"ns","good",1131,301
44,"hogfish","SND","sediment",0.57605,0.56175,0.975,0.949,1.001,0.402,"ns","good",1131,301
44,"hogfish","MUD","sediment",0.08523,0.05814,0.682,0.587,0.773,0.281,"against","poor",1131,301
46,"reef-carnivores","AH","reef",0.00023,0.00035,1.553,0.847,2.087,1,"ns","good",1131,1026
46,"reef-carnivores","AM","reef",0.00047,0.00056,1.206,0.982,1.395,0.776,"ns","good",1131,1026
46,"reef-carnivores","AL","reef",9e-05,8e-05,0.822,0.579,1.052,0.53,"ns","good",1131,1026
46,"reef-carnivores","NH","reef",0.01827,0.01858,1.017,0.935,1.1,0.655,"ns","good",1131,1026
46,"reef-carnivores","NM","reef",0.00083,0.00056,0.676,0.476,0.886,0.435,"against","good",1131,1026
46,"reef-carnivores","NL","reef",0.02878,0.03131,1.088,1.036,1.138,0.701,"for","good",1131,1026
46,"reef-carnivores","RCK","sediment",0.03296,0.03116,0.945,0.871,1.037,0.609,"ns","partial",1131,1026
46,"reef-carnivores","GVL","sediment",0.25552,0.24952,0.977,0.957,0.996,0.629,"against","good",1131,1026
46,"reef-carnivores","SND","sediment",0.57605,0.58853,1.022,1.012,1.031,0.658,"for","good",1131,1026
46,"reef-carnivores","MUD","sediment",0.08523,0.07613,0.893,0.85,0.938,0.575,"against","poor",1131,1026
47,"reef-crustacean-eaters","AH","reef",0.00023,0.00038,1.659,0.599,2.502,0.904,"ns","good",1131,493
47,"reef-crustacean-eaters","AM","reef",0.00047,0.00021,0.443,0.282,0.685,0.242,"against","good",1131,493
47,"reef-crustacean-eaters","AL","reef",9e-05,6e-05,0.605,0.338,1.019,0.33,"ns","good",1131,493
47,"reef-crustacean-eaters","NH","reef",0.01827,0.03351,1.835,0.804,3.359,1,"ns","good",1131,493
47,"reef-crustacean-eaters","NM","reef",0.00083,5e-04,0.601,0.317,1.026,0.328,"ns","good",1131,493
47,"reef-crustacean-eaters","NL","reef",0.02878,0.04057,1.41,1.032,1.839,0.768,"for","good",1131,493
47,"reef-crustacean-eaters","RCK","sediment",0.03296,0.03068,0.931,0.738,1.137,0.507,"ns","partial",1131,493
47,"reef-crustacean-eaters","GVL","sediment",0.25552,0.25041,0.98,0.913,1.045,0.534,"ns","good",1131,493
47,"reef-crustacean-eaters","SND","sediment",0.57605,0.57569,0.999,0.957,1.038,0.545,"ns","good",1131,493
47,"reef-crustacean-eaters","MUD","sediment",0.08523,0.06737,0.79,0.644,0.943,0.431,"against","poor",1131,493
48,"reef-invertivores","AH","reef",0.00023,3e-04,1.304,0.981,1.95,0.669,"ns","good",1131,1025
48,"reef-invertivores","AM","reef",0.00047,0.00091,1.948,1.439,2.697,1,"for","good",1131,1025
48,"reef-invertivores","AL","reef",9e-05,6e-05,0.657,0.454,0.996,0.337,"against","good",1131,1025
48,"reef-invertivores","NH","reef",0.01827,0.01499,0.821,0.638,1.073,0.421,"ns","good",1131,1025
48,"reef-invertivores","NM","reef",0.00083,0.00032,0.386,0.301,0.489,0.198,"against","good",1131,1025
48,"reef-invertivores","NL","reef",0.02878,0.03742,1.3,1.046,1.578,0.668,"for","good",1131,1025
48,"reef-invertivores","RCK","sediment",0.03296,0.02129,0.646,0.558,0.743,0.332,"against","partial",1131,1025
48,"reef-invertivores","GVL","sediment",0.25552,0.24977,0.977,0.931,1.027,0.502,"ns","good",1131,1025
48,"reef-invertivores","SND","sediment",0.57605,0.60944,1.058,1.031,1.089,0.543,"for","good",1131,1025
48,"reef-invertivores","MUD","sediment",0.08523,0.06123,0.718,0.622,0.812,0.369,"against","poor",1131,1025
49,"medium-reef-omnivores","AH","reef",0.00023,0.00064,2.822,1.628,4.733,1,"for","good",1131,625
49,"medium-reef-omnivores","AM","reef",0.00047,0.00088,1.9,1.034,3.272,0.674,"for","good",1131,625
49,"medium-reef-omnivores","AL","reef",9e-05,0.00014,1.466,0.816,2.665,0.52,"ns","good",1131,625
49,"medium-reef-omnivores","NH","reef",0.01827,0.02328,1.274,1.098,1.483,0.452,"for","good",1131,625
49,"medium-reef-omnivores","NM","reef",0.00083,0.00038,0.455,0.312,0.614,0.161,"against","good",1131,625
49,"medium-reef-omnivores","NL","reef",0.02878,0.03434,1.193,1.021,1.364,0.423,"for","good",1131,625
49,"medium-reef-omnivores","RCK","sediment",0.03296,0.02826,0.857,0.639,1.126,0.304,"ns","partial",1131,625
49,"medium-reef-omnivores","GVL","sediment",0.25552,0.26327,1.03,0.902,1.133,0.365,"ns","good",1131,625
49,"medium-reef-omnivores","SND","sediment",0.57605,0.5837,1.013,0.962,1.083,0.359,"ns","good",1131,625
49,"medium-reef-omnivores","MUD","sediment",0.08523,0.06419,0.753,0.667,0.852,0.267,"against","poor",1131,625
50,"small-reef-omnivores","AH","reef",0.00023,0.00027,1.192,0.669,1.614,0.627,"ns","good",1131,568
50,"small-reef-omnivores","AM","reef",0.00047,0.00021,0.45,0.281,0.676,0.236,"against","good",1131,568
50,"small-reef-omnivores","AL","reef",9e-05,8e-05,0.908,0.438,1.376,0.477,"ns","good",1131,568
50,"small-reef-omnivores","NH","reef",0.01827,0.03475,1.902,1.477,2.355,1,"for","good",1131,568
50,"small-reef-omnivores","NM","reef",0.00083,0.00015,0.181,0.112,0.279,0.095,"against","good",1131,568
50,"small-reef-omnivores","NL","reef",0.02878,0.04307,1.497,1.217,1.889,0.787,"for","good",1131,568
50,"small-reef-omnivores","RCK","sediment",0.03296,0.0303,0.92,0.767,1.085,0.483,"ns","partial",1131,568
50,"small-reef-omnivores","GVL","sediment",0.25552,0.25857,1.012,0.953,1.075,0.532,"ns","good",1131,568
50,"small-reef-omnivores","SND","sediment",0.57605,0.55713,0.967,0.944,0.991,0.508,"against","good",1131,568
50,"small-reef-omnivores","MUD","sediment",0.08523,0.07514,0.882,0.758,1.02,0.463,"ns","poor",1131,568
51,"reef-planktivores","AH","reef",0.00023,0.00031,1.346,0.786,2.339,0.694,"ns","good",1131,733
51,"reef-planktivores","AM","reef",0.00047,0.00028,0.611,0.439,0.812,0.315,"against","good",1131,733
51,"reef-planktivores","AL","reef",9e-05,0.00013,1.426,0.84,2.224,0.735,"ns","good",1131,733
51,"reef-planktivores","NH","reef",0.01827,0.03544,1.94,1.488,2.445,1,"for","good",1131,733
51,"reef-planktivores","NM","reef",0.00083,0.00074,0.892,0.584,1.276,0.46,"ns","good",1131,733
51,"reef-planktivores","NL","reef",0.02878,0.02483,0.863,0.757,0.987,0.445,"against","good",1131,733
51,"reef-planktivores","RCK","sediment",0.03296,0.04242,1.287,1.128,1.432,0.663,"for","partial",1131,733
51,"reef-planktivores","GVL","sediment",0.25552,0.25744,1.008,0.967,1.046,0.519,"ns","good",1131,733
51,"reef-planktivores","SND","sediment",0.57605,0.55362,0.961,0.94,0.983,0.495,"against","good",1131,733
51,"reef-planktivores","MUD","sediment",0.08523,0.08451,0.992,0.906,1.094,0.511,"ns","poor",1131,733
52,"coastal-piscivores","AH","reef",0.00023,0.00025,1.112,0.551,2.123,0.827,"ns","good",1131,579
52,"coastal-piscivores","AM","reef",0.00047,0.00063,1.345,0.888,1.905,1,"ns","good",1131,579
52,"coastal-piscivores","AL","reef",9e-05,0.00012,1.32,0.794,1.927,0.981,"ns","good",1131,579
52,"coastal-piscivores","NH","reef",0.01827,0.01916,1.049,0.8,1.379,0.78,"ns","good",1131,579
52,"coastal-piscivores","NM","reef",0.00083,5e-05,0.062,0.037,0.095,0.046,"against","good",1131,579
52,"coastal-piscivores","NL","reef",0.02878,0.0351,1.22,1.039,1.424,0.907,"for","good",1131,579
52,"coastal-piscivores","RCK","sediment",0.03296,0.01759,0.534,0.404,0.7,0.397,"against","partial",1131,579
52,"coastal-piscivores","GVL","sediment",0.25552,0.26214,1.026,0.945,1.096,0.763,"ns","good",1131,579
52,"coastal-piscivores","SND","sediment",0.57605,0.60355,1.048,1.016,1.085,0.779,"for","good",1131,579
52,"coastal-piscivores","MUD","sediment",0.08523,0.05994,0.703,0.598,0.825,0.523,"against","poor",1131,579
53,"offshore-demersal-carnivores","AH","reef",0.00023,8e-04,3.513,1.216,6.593,1,"for","good",1131,468
53,"offshore-demersal-carnivores","AM","reef",0.00047,0.00041,0.884,0.536,1.381,0.252,"ns","good",1131,468
53,"offshore-demersal-carnivores","AL","reef",9e-05,0.00032,3.469,0.732,8.592,0.988,"ns","good",1131,468
53,"offshore-demersal-carnivores","NH","reef",0.01827,0.02482,1.358,0.633,2.723,0.387,"ns","good",1131,468
53,"offshore-demersal-carnivores","NM","reef",0.00083,0.00036,0.434,0.216,0.74,0.123,"against","good",1131,468
53,"offshore-demersal-carnivores","NL","reef",0.02878,0.025,0.869,0.542,1.361,0.247,"ns","good",1131,468
53,"offshore-demersal-carnivores","RCK","sediment",0.03296,0.02805,0.851,0.632,1.075,0.242,"ns","partial",1131,468
53,"offshore-demersal-carnivores","GVL","sediment",0.25552,0.26815,1.049,0.949,1.153,0.299,"ns","good",1131,468
53,"offshore-demersal-carnivores","SND","sediment",0.57605,0.59152,1.027,0.964,1.081,0.292,"ns","good",1131,468
53,"offshore-demersal-carnivores","MUD","sediment",0.08523,0.0603,0.707,0.575,0.848,0.201,"against","poor",1131,468
54,"nearshore-demersal-carnivores","AH","reef",0.00023,0.00041,1.796,1.044,3.325,1,"for","good",1131,519
54,"nearshore-demersal-carnivores","AM","reef",0.00047,0.00073,1.579,1.154,2.227,0.879,"for","good",1131,519
54,"nearshore-demersal-carnivores","AL","reef",9e-05,8e-05,0.874,0.56,1.37,0.487,"ns","good",1131,519
54,"nearshore-demersal-carnivores","NH","reef",0.01827,0.02437,1.334,0.925,1.85,0.743,"ns","good",1131,519
54,"nearshore-demersal-carnivores","NM","reef",0.00083,0.00014,0.172,0.106,0.267,0.096,"against","good",1131,519
54,"nearshore-demersal-carnivores","NL","reef",0.02878,0.05105,1.774,1.289,2.349,0.988,"for","good",1131,519
54,"nearshore-demersal-carnivores","RCK","sediment",0.03296,0.0136,0.413,0.295,0.543,0.23,"against","partial",1131,519
54,"nearshore-demersal-carnivores","GVL","sediment",0.25552,0.25532,0.999,0.94,1.07,0.556,"ns","good",1131,519
54,"nearshore-demersal-carnivores","SND","sediment",0.57605,0.61111,1.061,0.991,1.134,0.591,"ns","good",1131,519
54,"nearshore-demersal-carnivores","MUD","sediment",0.08523,0.04214,0.494,0.384,0.613,0.275,"against","poor",1131,519
55,"demersal-omnivores","AH","reef",0.00023,0.00015,0.641,0.289,1.409,0.259,"ns","good",1131,322
55,"demersal-omnivores","AM","reef",0.00047,0.00088,1.891,1.177,2.706,0.764,"for","good",1131,322
55,"demersal-omnivores","AL","reef",9e-05,8e-05,0.888,0.419,1.677,0.359,"ns","good",1131,322
55,"demersal-omnivores","NH","reef",0.01827,0.03834,2.099,1.393,3.017,0.848,"for","good",1131,322
55,"demersal-omnivores","NM","reef",0.00083,4e-05,0.048,0.026,0.082,0.019,"against","good",1131,322
55,"demersal-omnivores","NL","reef",0.02878,0.07119,2.474,1.908,3.184,1,"for","good",1131,322
55,"demersal-omnivores","RCK","sediment",0.03296,0.02172,0.659,0.496,0.852,0.266,"against","partial",1131,322
55,"demersal-omnivores","GVL","sediment",0.25552,0.23929,0.936,0.867,0.999,0.379,"against","good",1131,322
55,"demersal-omnivores","SND","sediment",0.57605,0.57864,1.005,0.958,1.048,0.406,"ns","good",1131,322
55,"demersal-omnivores","MUD","sediment",0.08523,0.04826,0.566,0.464,0.679,0.229,"against","poor",1131,322
56,"sardine-herring-scad","AH","reef",0.00023,0.00039,1.706,1.154,2.097,0.925,"for","good",1131,701
56,"sardine-herring-scad","AM","reef",0.00047,0.00086,1.845,1.068,2.778,1,"for","good",1131,701
56,"sardine-herring-scad","AL","reef",9e-05,7e-05,0.796,0.491,1.255,0.431,"ns","good",1131,701
56,"sardine-herring-scad","NH","reef",0.01827,0.01544,0.845,0.665,1.056,0.458,"ns","good",1131,701
56,"sardine-herring-scad","NM","reef",0.00083,0.00036,0.434,0.262,0.635,0.235,"against","good",1131,701
56,"sardine-herring-scad","NL","reef",0.02878,0.02854,0.992,0.868,1.136,0.537,"ns","good",1131,701
56,"sardine-herring-scad","RCK","sediment",0.03296,0.0296,0.898,0.782,1.029,0.487,"ns","partial",1131,701
56,"sardine-herring-scad","GVL","sediment",0.25552,0.266,1.041,0.999,1.082,0.564,"ns","good",1131,701
56,"sardine-herring-scad","SND","sediment",0.57605,0.59218,1.028,1.008,1.049,0.557,"for","good",1131,701
56,"sardine-herring-scad","MUD","sediment",0.08523,0.06479,0.76,0.67,0.866,0.412,"against","poor",1131,701
58,"offshore-small-pelagics","AH","reef",0.00023,4e-04,1.743,0.454,4.568,0.581,"ns","good",1131,148
58,"offshore-small-pelagics","AM","reef",0.00047,0.0014,3.001,0.987,5.599,1,"ns","good",1131,148
58,"offshore-small-pelagics","AL","reef",9e-05,6e-05,0.632,0.296,1.261,0.211,"ns","good",1131,148
58,"offshore-small-pelagics","NH","reef",0.01827,0.01512,0.827,0.387,1.503,0.276,"ns","good",1131,148
58,"offshore-small-pelagics","NM","reef",0.00083,3e-05,0.035,0.001,0.123,0.012,"against","good",1131,148
58,"offshore-small-pelagics","NL","reef",0.02878,0.05988,2.081,1.168,3.199,0.693,"for","good",1131,148
58,"offshore-small-pelagics","RCK","sediment",0.03296,0.02149,0.652,0.262,1.212,0.217,"ns","partial",1131,148
58,"offshore-small-pelagics","GVL","sediment",0.25552,0.20622,0.807,0.645,0.982,0.269,"against","good",1131,148
58,"offshore-small-pelagics","SND","sediment",0.57605,0.62034,1.077,0.999,1.149,0.359,"ns","good",1131,148
58,"offshore-small-pelagics","MUD","sediment",0.08523,0.04912,0.576,0.377,0.805,0.192,"against","poor",1131,148
