"modnumber","modname","family","class","n_stations","n_pos","mean_maxn","dens_strat","A_strat","A_strat_lo","A_strat_hi","dens_depth","A_depth","A_depth_lo","A_depth_hi","pooled_with"
1,"sharks","reef","AL",315,21,0.1492,0.0916,0.429,0.163,1,0.1436,0.831,0.248,1,NA
1,"sharks","reef","AM",682,49,0.0894,0.107,0.502,0.213,1,0.0797,0.462,0.22,0.798,NA
1,"sharks","reef","AH",417,43,0.1847,0.2133,1,0.789,1,0.1728,1,0.443,1,NA
1,"sharks","reef","NL",5253,182,0.0445,0.0449,0.211,0.131,0.368,0.0427,0.247,0.132,0.4,NA
1,"sharks","reef","NM",1368,25,0.019,0.0322,0.151,0.066,0.338,0.0248,0.144,0.063,0.245,NA
1,"sharks","reef","NH",2004,106,0.0644,0.0595,0.279,0.176,0.51,0.0652,0.377,0.203,0.61,NA
1,"sharks","substrate","ART",114,13,0.3246,0.3541,1,0.393,1,0.282,1,0.818,1,NA
1,"sharks","substrate","RCK",1128,69,0.0745,0.0639,0.18,0.063,1,0.0702,0.249,0.091,1,NA
1,"sharks","substrate","SED",8394,329,0.0522,0.0505,0.143,0.057,0.896,0.0527,0.187,0.073,0.771,NA
2,"pelagic piscivores","reef","AL",315,180,4.6635,4.5999,0.412,0.274,0.662,4.4212,0.53,0.348,0.834,NA
2,"pelagic piscivores","reef","AM",682,488,6.8065,6.9825,0.626,0.349,1,5.7987,0.695,0.493,1,NA
2,"pelagic piscivores","reef","AH",417,306,9.1942,11.1559,1,0.871,1,8.3455,1,0.96,1,NA
2,"pelagic piscivores","reef","NL",5253,2337,2.6874,2.4577,0.22,0.162,0.324,2.5242,0.302,0.226,0.417,NA
2,"pelagic piscivores","reef","NM",1368,318,1.1067,1.7398,0.156,0.104,0.25,1.6914,0.203,0.142,0.297,NA
2,"pelagic piscivores","reef","NH",2004,1034,3.3239,3.1083,0.279,0.201,0.414,3.4001,0.407,0.302,0.579,NA
2,"pelagic piscivores","substrate","ART",114,74,8.3596,9.1849,1,0.969,1,6.9693,1,0.945,1,NA
2,"pelagic piscivores","substrate","RCK",1128,621,3.586,3.112,0.339,0.202,1,3.3236,0.477,0.281,1,NA
2,"pelagic piscivores","substrate","SED",8394,3723,3.027,2.8557,0.311,0.199,0.814,3.0679,0.44,0.257,0.859,NA
3,"snappers","reef","AL",315,216,15.8698,15.8515,0.724,0.455,0.998,15.4699,0.561,0.375,0.783,NA
3,"snappers","reef","AM",682,555,21.107,20.6042,0.942,0.72,1,24.2375,0.879,0.687,1,NA
3,"snappers","reef","AH",417,336,27.1847,21.8815,1,0.776,1,27.5603,1,0.864,1,NA
3,"snappers","reef","NL",5253,3656,10.123,11.3394,0.518,0.417,0.617,9.7133,0.352,0.289,0.418,NA
3,"snappers","reef","NM",1368,876,9.5577,8.6532,0.395,0.313,0.477,9.9938,0.363,0.29,0.457,NA
3,"snappers","reef","NH",2004,1360,11.002,11.5118,0.526,0.422,0.627,11.4372,0.415,0.336,0.513,NA
3,"snappers","substrate","ART",114,110,32.2456,27.1807,1,1,1,35.5309,1,1,1,NA
3,"snappers","substrate","RCK",1128,873,16.1463,15.7271,0.579,0.375,0.865,15.7486,0.443,0.313,0.627,NA
3,"snappers","substrate","SED",8394,5694,11.1039,11.403,0.42,0.288,0.601,11.1277,0.313,0.23,0.439,NA
4,"gag 0","reef","AL",315,13,0.0508,0.0424,0.936,0.31,1,0.0483,0.935,0.343,1,"gag 1"
4,"gag 0","reef","AM",682,19,0.0733,0.0453,1,0.358,1,0.0516,1,0.449,1,"gag 1"
4,"gag 0","reef","AH",417,4,0.0144,0.0166,0.366,0.062,0.815,0.0132,0.255,0.039,0.566,"gag 1"
4,"gag 0","reef","NL",5253,66,0.0145,0.0124,0.274,0.135,0.396,0.0145,0.282,0.15,0.419,"gag 1"
4,"gag 0","reef","NM",1368,7,0.0058,0.0191,0.422,0.04,0.916,0.008,0.155,0.039,0.342,"gag 1"
4,"gag 0","reef","NH",2004,50,0.0269,0.0214,0.472,0.232,0.759,0.0262,0.509,0.27,0.846,"gag 1"
4,"gag 0","substrate","ART",114,5,0.0526,0.0215,0.685,0.211,1,0.0345,0.936,0.191,1,"gag 1"
4,"gag 0","substrate","RCK",1128,39,0.039,0.0314,1,0.11,1,0.0368,1,0.456,1,"gag 1"
4,"gag 0","substrate","SED",8394,100,0.0169,0.0152,0.484,0.052,0.722,0.0172,0.466,0.22,0.669,"gag 1"
5,"gag 1","reef","AL",315,9,0.0381,0.0345,0.793,0.23,1,0.0353,0.757,0.246,1,NA
5,"gag 1","reef","AM",682,17,0.0704,0.0434,1,0.4,1,0.0466,1,0.491,1,NA
5,"gag 1","reef","AH",417,4,0.0144,0.0166,0.382,0.066,0.87,0.0129,0.277,0.045,0.686,NA
5,"gag 1","reef","NL",5253,60,0.0133,0.0115,0.265,0.13,0.437,0.0133,0.286,0.158,0.502,NA
5,"gag 1","reef","NM",1368,6,0.0051,0.0188,0.433,0.04,1,0.008,0.172,0.036,0.437,NA
5,"gag 1","reef","NH",2004,43,0.023,0.0178,0.41,0.204,0.743,0.0221,0.475,0.249,0.868,NA
5,"gag 1","substrate","ART",114,4,0.0439,0.0138,0.476,0,1,0.0271,0.817,0.047,1,NA
5,"gag 1","substrate","RCK",1128,35,0.0355,0.029,1,0.106,1,0.0332,1,0.474,1,NA
5,"gag 1","substrate","SED",8394,89,0.0156,0.0141,0.489,0.05,0.749,0.0159,0.479,0.236,0.694,NA
6,"gag 2","reef","AL",315,6,0.0222,0.0197,0.338,0.085,0.683,0.0212,0.23,0.056,0.433,NA
6,"gag 2","reef","AM",682,39,0.1217,0.0583,1,0.534,1,0.0924,1,1,1,NA
6,"gag 2","reef","AH",417,19,0.0504,0.0519,0.889,0.386,1,0.046,0.498,0.259,0.861,NA
6,"gag 2","reef","NL",5253,68,0.0145,0.0128,0.22,0.125,0.317,0.0142,0.154,0.1,0.236,NA
6,"gag 2","reef","NM",1368,8,0.0066,0.0061,0.104,0.03,0.196,0.0093,0.1,0.033,0.218,NA
6,"gag 2","reef","NH",2004,49,0.0279,0.02,0.344,0.191,0.562,0.0275,0.297,0.186,0.493,NA
6,"gag 2","substrate","ART",114,12,0.1228,0.1213,1,1,1,0.0857,1,1,1,NA
6,"gag 2","substrate","RCK",1128,33,0.0328,0.0233,0.192,0.082,0.542,0.0307,0.358,0.191,0.87,NA
6,"gag 2","substrate","SED",8394,124,0.0212,0.0186,0.153,0.073,0.417,0.0215,0.251,0.145,0.575,NA
7,"gag 3","reef","AL",315,7,0.0286,0.0225,0.386,0.103,0.978,0.0271,0.41,0.117,0.923,NA
7,"gag 3","reef","AM",682,34,0.085,0.0582,1,0.433,1,0.066,1,1,1,NA
7,"gag 3","reef","AH",417,12,0.0336,0.0517,0.888,0.284,1,0.0303,0.459,0.22,0.827,NA
7,"gag 3","reef","NL",5253,65,0.0137,0.0127,0.218,0.109,0.348,0.0132,0.2,0.122,0.328,NA
7,"gag 3","reef","NM",1368,11,0.0095,0.0086,0.149,0.041,0.312,0.0146,0.221,0.095,0.444,NA
7,"gag 3","reef","NH",2004,41,0.0245,0.0214,0.367,0.177,0.657,0.0242,0.367,0.217,0.669,NA
7,"gag 3","substrate","ART",114,6,0.0702,0.0851,1,0.496,1,0.0533,1,0.533,1,NA
7,"gag 3","substrate","RCK",1128,29,0.0301,0.0263,0.309,0.149,1,0.0282,0.53,0.23,1,NA
7,"gag 3","substrate","SED",8394,118,0.0185,0.0172,0.202,0.103,0.807,0.0187,0.351,0.148,0.788,NA
8,"gag 4","reef","AL",315,5,0.019,0.0134,0.297,0.07,0.725,0.0192,0.322,0.072,0.713,NA
8,"gag 4","reef","AM",682,30,0.0587,0.0322,0.712,0.31,1,0.0595,1,0.9,1,NA
8,"gag 4","reef","AH",417,16,0.0384,0.0452,1,0.634,1,0.0388,0.651,0.343,1,NA
8,"gag 4","reef","NL",5253,53,0.012,0.0111,0.246,0.117,0.437,0.0121,0.203,0.133,0.301,NA
8,"gag 4","reef","NM",1368,12,0.0095,0.0064,0.142,0.053,0.303,0.0092,0.154,0.059,0.29,NA
8,"gag 4","reef","NH",2004,46,0.0235,0.0208,0.461,0.222,0.824,0.0234,0.393,0.252,0.611,NA
8,"gag 4","substrate","ART",114,5,0.0526,0.0655,1,0.377,1,0.0512,1,0.5,1,NA
8,"gag 4","substrate","RCK",1128,28,0.0248,0.0203,0.309,0.139,1,0.0247,0.482,0.208,1,NA
8,"gag 4","substrate","SED",8394,104,0.0144,0.0133,0.204,0.098,0.803,0.0144,0.282,0.134,0.718,NA
9,"gag 5+","reef","AL",315,23,0.1238,0.1003,0.356,0.182,0.731,0.1256,0.77,0.403,1,NA
9,"gag 5+","reef","AM",682,41,0.1056,0.0945,0.336,0.162,0.65,0.1255,0.77,0.46,1,NA
9,"gag 5+","reef","AH",417,47,0.1535,0.2815,1,1,1,0.1631,1,0.68,1,NA
9,"gag 5+","reef","NL",5253,153,0.0447,0.0443,0.157,0.103,0.267,0.0455,0.279,0.192,0.377,NA
9,"gag 5+","reef","NM",1368,58,0.0607,0.0538,0.191,0.104,0.335,0.0518,0.318,0.187,0.47,NA
9,"gag 5+","reef","NH",2004,156,0.1023,0.0768,0.273,0.179,0.489,0.1024,0.628,0.444,0.88,NA
9,"gag 5+","substrate","ART",114,17,0.2281,0.2672,1,0.931,1,0.2815,1,1,1,NA
9,"gag 5+","substrate","RCK",1128,93,0.1064,0.0815,0.305,0.089,1,0.1117,0.397,0.228,0.773,NA
9,"gag 5+","substrate","SED",8394,315,0.0531,0.0509,0.191,0.059,0.618,0.0527,0.187,0.112,0.368,NA
10,"red grouper 0","reef","AL",315,9,0.0603,0.0662,0.158,0.026,0.402,0.0568,0.243,0.062,0.553,NA
10,"red grouper 0","reef","AM",682,44,0.1114,0.3918,0.937,0.301,1,0.1017,0.435,0.266,0.729,NA
10,"red grouper 0","reef","AH",417,57,0.2614,0.4181,1,0.559,1,0.2341,1,1,1,NA
10,"red grouper 0","reef","NL",5253,14,0.003,0.0028,0.007,0.003,0.011,0.0028,0.012,0.006,0.02,NA
10,"red grouper 0","reef","NM",1368,8,0.0058,0.0081,0.019,0.007,0.036,0.0097,0.041,0.017,0.081,NA
10,"red grouper 0","reef","NH",2004,27,0.0175,0.0194,0.046,0.023,0.069,0.0188,0.08,0.048,0.131,NA
10,"red grouper 0","substrate","ART",114,20,0.3509,0.7573,1,1,1,0.3076,1,1,1,NA
10,"red grouper 0","substrate","RCK",1128,21,0.0239,0.0212,0.028,0.015,0.294,0.0217,0.071,0.034,0.177,NA
10,"red grouper 0","substrate","SED",8394,110,0.0219,0.0217,0.029,0.017,0.285,0.0223,0.072,0.037,0.176,NA
11,"red grouper 1","reef","AL",315,9,0.0603,0.0662,0.158,0.026,0.402,0.0568,0.242,0.062,0.553,"red grouper 0"
11,"red grouper 1","reef","AM",682,44,0.1114,0.3918,0.937,0.301,1,0.102,0.436,0.267,0.73,"red grouper 0"
11,"red grouper 1","reef","AH",417,57,0.2614,0.4181,1,0.559,1,0.2341,1,1,1,"red grouper 0"
11,"red grouper 1","reef","NL",5253,19,0.004,0.0035,0.008,0.004,0.013,0.0036,0.015,0.008,0.027,"red grouper 0"
11,"red grouper 1","reef","NM",1368,8,0.0058,0.0081,0.019,0.007,0.036,0.0096,0.041,0.017,0.081,"red grouper 0"
11,"red grouper 1","reef","NH",2004,28,0.018,0.0196,0.047,0.023,0.069,0.0194,0.083,0.051,0.136,"red grouper 0"
11,"red grouper 1","substrate","ART",114,20,0.3509,0.7573,1,1,1,0.3093,1,1,1,"red grouper 0"
11,"red grouper 1","substrate","RCK",1128,22,0.0248,0.0226,0.03,0.016,0.311,0.0225,0.073,0.035,0.181,"red grouper 0"
11,"red grouper 1","substrate","SED",8394,113,0.0223,0.0221,0.029,0.017,0.292,0.0226,0.073,0.038,0.177,"red grouper 0"
12,"red grouper 2","reef","AL",315,9,0.0603,0.0662,0.158,0.026,0.402,0.0569,0.242,0.062,0.548,"red grouper 1"
12,"red grouper 2","reef","AM",682,44,0.1114,0.3918,0.937,0.301,1,0.1007,0.429,0.264,0.709,"red grouper 1"
12,"red grouper 2","reef","AH",417,57,0.2614,0.4181,1,0.559,1,0.235,1,1,1,"red grouper 1"
12,"red grouper 2","reef","NL",5253,32,0.0067,0.0057,0.014,0.007,0.019,0.0061,0.026,0.017,0.044,"red grouper 1"
12,"red grouper 2","reef","NM",1368,11,0.008,0.0139,0.033,0.01,0.064,0.0131,0.056,0.024,0.103,"red grouper 1"
12,"red grouper 2","reef","NH",2004,37,0.0225,0.0241,0.058,0.031,0.082,0.024,0.102,0.068,0.159,"red grouper 1"
12,"red grouper 2","substrate","ART",114,20,0.3509,0.7573,1,1,1,0.3059,1,1,1,"red grouper 1"
12,"red grouper 2","substrate","RCK",1128,30,0.0319,0.0292,0.039,0.021,0.376,0.0291,0.095,0.049,0.238,"red grouper 1"
12,"red grouper 2","substrate","SED",8394,128,0.0242,0.0239,0.032,0.018,0.317,0.0245,0.08,0.042,0.191,"red grouper 1"
13,"red grouper 3","reef","AL",315,4,0.0127,0.037,1,0,1,0.0119,0.469,0,0.963,NA
13,"red grouper 3","reef","AM",682,4,0.0088,0.0071,0.191,0,0.414,0.0066,0.261,0,0.548,NA
13,"red grouper 3","reef","AH",417,3,0.0096,0.0165,0.447,0,1,0.0085,0.335,0,0.824,NA
13,"red grouper 3","reef","NL",5253,118,0.0251,0.0268,0.725,0.34,1,0.0239,0.943,0.661,1,NA
13,"red grouper 3","reef","NM",1368,10,0.0073,0.0254,0.686,0.234,1,0.0128,0.507,0.223,0.95,NA
13,"red grouper 3","reef","NH",2004,46,0.0254,0.0302,0.818,0.377,1,0.0253,1,0.728,1,NA
13,"red grouper 3","substrate","ART",114,2,0.0263,0,0,0,1,0.02,0.74,0,1,NA
13,"red grouper 3","substrate","RCK",1128,30,0.0293,0.0285,1,0.124,1,0.027,1,0.421,1,NA
13,"red grouper 3","substrate","SED",8394,139,0.0188,0.0188,0.661,0.081,1,0.0191,0.709,0.353,1,NA
14,"red grouper 4","reef","AL",315,8,0.0286,0.0247,0.5,0.183,0.953,0.0263,0.501,0.175,0.903,NA
14,"red grouper 4","reef","AM",682,10,0.0147,0.0316,0.638,0.153,1,0.0102,0.194,0.075,0.316,NA
14,"red grouper 4","reef","AH",417,4,0.0096,0.0099,0.2,0.037,0.373,0.0083,0.158,0.034,0.294,NA
14,"red grouper 4","reef","NL",5253,235,0.0504,0.0441,0.891,0.589,1,0.0479,0.913,0.599,1,NA
14,"red grouper 4","reef","NM",1368,20,0.0219,0.0439,0.886,0.375,1,0.046,0.878,0.414,1,NA
14,"red grouper 4","reef","NH",2004,96,0.0534,0.0495,1,0.664,1,0.0524,1,0.638,1,NA
14,"red grouper 4","substrate","ART",114,1,0.0088,0.0051,0.07,0,0.278,0.0062,0.11,0,0.364,NA
14,"red grouper 4","substrate","RCK",1128,61,0.0621,0.0729,1,1,1,0.0566,1,1,1,NA
14,"red grouper 4","substrate","SED",8394,287,0.0393,0.0375,0.515,0.389,0.737,0.0401,0.708,0.55,0.983,NA
15,"red grouper 5+","reef","AL",315,53,0.2032,0.2634,0.694,0.391,0.893,0.1932,0.515,0.379,0.655,NA
15,"red grouper 5+","reef","AM",682,31,0.0513,0.1673,0.441,0.19,0.707,0.0553,0.147,0.092,0.199,NA
15,"red grouper 5+","reef","AH",417,19,0.06,0.0929,0.245,0.12,0.406,0.0584,0.156,0.087,0.238,NA
15,"red grouper 5+","reef","NL",5253,1560,0.396,0.3795,1,0.956,1,0.3647,0.972,0.89,1,NA
15,"red grouper 5+","reef","NM",1368,216,0.2003,0.2276,0.6,0.487,0.701,0.2552,0.68,0.578,0.773,NA
15,"red grouper 5+","reef","NH",2004,554,0.3503,0.3599,0.948,0.854,1,0.3753,1,0.944,1,NA
15,"red grouper 5+","substrate","ART",114,10,0.1228,0.1117,0.206,0.046,0.77,0.1386,0.295,0.121,0.529,NA
15,"red grouper 5+","substrate","RCK",1128,413,0.4911,0.5421,1,1,1,0.4696,1,1,1,NA
15,"red grouper 5+","substrate","SED",8394,1821,0.2852,0.2812,0.519,0.461,0.581,0.2865,0.61,0.548,0.676,NA
16,"large reef fish","reef","AL",315,65,0.5937,0.5621,0.361,0.209,0.598,0.6321,0.612,0.427,0.821,NA
16,"large reef fish","reef","AM",682,139,0.4032,0.6468,0.415,0.237,0.69,0.6245,0.605,0.474,0.71,NA
16,"large reef fish","reef","AH",417,127,0.7746,1.5568,1,0.899,1,0.9274,0.898,0.675,1,NA
16,"large reef fish","reef","NL",5253,815,0.356,0.3814,0.245,0.164,0.372,0.3914,0.379,0.317,0.435,NA
16,"large reef fish","reef","NM",1368,182,0.337,0.2216,0.142,0.095,0.229,0.2184,0.211,0.165,0.268,NA
16,"large reef fish","reef","NH",2004,743,1.0644,1.0357,0.665,0.441,1,1.0327,1,0.831,1,NA
16,"large reef fish","substrate","ART",114,52,1.307,2.0758,1,0.661,1,1.8384,1,0.858,1,NA
16,"large reef fish","substrate","RCK",1128,493,1.3191,1.258,0.606,0.399,1,1.4837,0.807,0.572,1,NA
16,"large reef fish","substrate","SED",8394,1378,0.378,0.3722,0.179,0.115,0.328,0.371,0.202,0.147,0.271,NA
17,"small reef fish","reef","AL",315,300,24.2635,26.9677,0.887,0.548,1,22.9737,0.679,0.496,0.894,NA
17,"small reef fish","reef","AM",682,658,34.0557,30.3959,1,0.73,1,28.0638,0.83,0.666,1,NA
17,"small reef fish","reef","AH",417,389,37.4365,29.6597,0.976,0.678,1,33.8297,1,0.922,1,NA
17,"small reef fish","reef","NL",5253,4994,16.8148,16.591,0.546,0.422,0.613,15.907,0.47,0.395,0.567,NA
17,"small reef fish","reef","NM",1368,1122,8.8772,12.1692,0.4,0.268,0.528,13.7329,0.406,0.324,0.524,NA
17,"small reef fish","reef","NH",2004,1859,26.0968,24.5639,0.808,0.62,0.961,26.411,0.781,0.644,0.969,NA
17,"small reef fish","substrate","ART",114,113,83.3421,64.1201,1,1,1,69.0411,1,1,1,NA
17,"small reef fish","substrate","RCK",1128,1123,39.7686,36.1407,0.564,0.325,0.713,37.074,0.537,0.428,0.681,NA
17,"small reef fish","substrate","SED",8394,7678,15.6371,15.0129,0.234,0.138,0.292,15.8363,0.229,0.186,0.292,NA
18,"demersal fish","reef","AL",315,86,1.0825,0.9241,0.089,0.038,0.653,0.9995,0.357,0.168,0.783,NA
18,"demersal fish","reef","AM",682,181,2.154,1.0055,0.097,0.042,0.559,1.5034,0.537,0.228,1,NA
18,"demersal fish","reef","AH",417,100,3.1942,10.4048,1,1,1,2.801,1,0.739,1,NA
18,"demersal fish","reef","NL",5253,1308,0.9505,0.82,0.079,0.035,0.497,0.9151,0.327,0.176,0.617,NA
18,"demersal fish","reef","NM",1368,256,0.5358,1.1095,0.107,0.051,0.677,1.0009,0.357,0.173,0.81,NA
18,"demersal fish","reef","NH",2004,476,0.8373,0.6682,0.064,0.028,0.452,0.816,0.291,0.16,0.569,NA
18,"demersal fish","substrate","ART",114,34,1.3421,2.7177,1,0.451,1,0.932,0.804,0.397,1,NA
18,"demersal fish","substrate","RCK",1128,306,0.6977,0.552,0.203,0.107,0.63,0.6422,0.554,0.381,0.703,NA
18,"demersal fish","substrate","SED",8394,1973,1.1382,1.1331,0.417,0.209,1,1.1586,1,0.661,1,NA
19,"small pelagics","reef","AL",315,59,27.146,21.0427,0.575,0.35,0.875,25.4373,0.616,0.403,0.872,NA
19,"small pelagics","reef","AM",682,189,45.7229,35.0381,0.957,0.578,1,35.1308,0.851,0.667,1,NA
19,"small pelagics","reef","AH",417,106,46.6571,36.5983,1,0.632,1,41.2795,1,0.885,1,NA
19,"small pelagics","reef","NL",5253,1298,19.787,17.8444,0.488,0.342,0.607,18.7127,0.453,0.377,0.556,NA
19,"small pelagics","reef","NM",1368,210,15.8385,19.6423,0.537,0.339,0.735,27.4946,0.666,0.494,0.862,NA
19,"small pelagics","reef","NH",2004,352,11.487,9.7515,0.266,0.171,0.347,11.5026,0.279,0.205,0.362,NA
19,"small pelagics","substrate","ART",114,34,51.5702,47.8215,1,1,1,40.2548,1,1,1,NA
19,"small pelagics","substrate","RCK",1128,216,16.8608,14.3786,0.301,0.183,0.549,15.5707,0.387,0.256,0.616,NA
19,"small pelagics","substrate","SED",8394,1866,21.0455,20.3265,0.425,0.274,0.749,21.365,0.531,0.374,0.846,NA
