modnumber,modname,AL,AM,AH,NL,NM,NH,ART,RCK,SED
1,sharks,0.831,0.462,1,0.247,0.144,0.377,1,0.249,0.187
2,pelagic piscivores,0.53,0.695,1,0.302,0.203,0.407,1,0.477,0.44
3,snappers,0.561,0.879,1,0.352,0.363,0.415,1,0.443,0.313
4,gag 0,0.791,1,0.178,0.264,0.372,0.485,0.639,1,0.478
5,gag 1,0.812,1,0.15,0.282,0.339,0.476,0.649,1,0.469
6,gag 2,0.359,1,0.353,0.16,0.069,0.333,1,0.428,0.32
7,gag 3,0.534,1,0.617,0.251,0.24,0.479,0.959,1,0.64
8,gag 4,0.64,1,0.878,0.242,0.135,0.455,1,0.225,0.121
9,gag 5+,0.607,0.851,1,0.263,0.288,0.562,1,0.395,0.187
10,red grouper 0,0.243,0.435,1,0.012,0.041,0.08,1,0.071,0.072
11,red grouper 1,0.242,0.437,1,0.013,0.041,0.085,1,0.073,0.073
12,red grouper 2,0.683,0,0,1,0.627,0.705,0,1,0.713
13,red grouper 3,0.414,0.189,0.196,1,0.9,0.995,0.592,1,0.855
14,red grouper 4,0.328,0.13,0.155,0.925,0.929,1,0,1,0.655
15,red grouper 5+,0.533,0.168,0.167,0.963,0.661,1,0.336,1,0.605
16,large reef fish,0.612,0.605,0.898,0.379,0.211,1,1,0.807,0.202
17,small reef fish,0.679,0.83,1,0.47,0.406,0.781,1,0.537,0.229
18,demersal fish,0.357,0.537,1,0.327,0.357,0.291,0.804,0.554,1
19,small pelagics,0.616,0.851,1,0.453,0.666,0.279,1,0.387,0.531
