"modnumber","modname","code","family","avail","used","w","w_lo","w_hi","w_con","A","sig","coverage","n","n_pos","pooled_with"
1,"sharks","AL","reef",7e-05,0.00015,2.141,1.19,2.905,2.141,1,"for","good",1130,305,NA
1,"sharks","AM","reef",0.00013,0.00021,1.622,1.27,1.989,1.622,0.758,"for","good",1130,305,NA
1,"sharks","AH","reef",2e-05,3e-05,1.933,1.597,2.28,1.933,0.903,"for","good",1130,305,NA
1,"sharks","NL","reef",0.02406,0.03321,1.38,1.191,1.603,1.38,0.645,"for","good",1130,305,NA
1,"sharks","NM","reef",0.00036,1e-04,0.288,0.186,0.415,0.288,0.135,"against","good",1130,305,NA
1,"sharks","NH","reef",0.00464,0.00718,1.548,1.308,1.822,1.548,0.723,"for","partial",1130,305,NA
1,"sharks","RCK","bottom",0.06723,0.06295,0.936,0.719,1.178,0.936,0.437,"ns","good",1130,305,NA
1,"sharks","UNC","bottom",0.90221,0.8959,0.993,0.973,1.01,0.993,0.464,"ns","partial",1130,305,NA
2,"pelagic-piscivores","AL","reef",7e-05,9e-05,1.273,0.992,1.505,1.273,0.975,"ns","good",1130,908,NA
2,"pelagic-piscivores","AM","reef",0.00013,0.00017,1.307,1.142,1.512,1.307,1,"for","good",1130,908,NA
2,"pelagic-piscivores","AH","reef",2e-05,2e-05,1.263,1.133,1.411,1.263,0.967,"for","good",1130,908,NA
2,"pelagic-piscivores","NL","reef",0.02406,0.02684,1.115,1.015,1.223,1.115,0.854,"for","good",1130,908,NA
2,"pelagic-piscivores","NM","reef",0.00036,0.00013,0.354,0.285,0.424,0.354,0.271,"against","good",1130,908,NA
2,"pelagic-piscivores","NH","reef",0.00464,0.0047,1.013,0.93,1.109,1.013,0.775,"ns","partial",1130,908,NA
2,"pelagic-piscivores","RCK","bottom",0.06723,0.05081,0.756,0.645,0.871,0.756,0.579,"against","good",1130,908,NA
2,"pelagic-piscivores","UNC","bottom",0.90221,0.91619,1.015,1.006,1.025,1.015,0.777,"for","partial",1130,908,NA
3,"snappers","AL","reef",7e-05,8e-05,1.213,0.845,1.572,1.213,1,"ns","good",1130,1011,NA
3,"snappers","AM","reef",0.00013,0.00014,1.137,0.92,1.369,1.137,0.938,"ns","good",1130,1011,NA
3,"snappers","AH","reef",2e-05,2e-05,1.207,1.062,1.368,1.207,0.995,"for","good",1130,1011,NA
3,"snappers","NL","reef",0.02406,0.01385,0.575,0.5,0.652,0.575,0.475,"against","good",1130,1011,NA
3,"snappers","NM","reef",0.00036,0.00042,1.151,0.943,1.368,1.151,0.95,"ns","good",1130,1011,NA
3,"snappers","NH","reef",0.00464,0.00357,0.769,0.703,0.843,0.769,0.634,"against","partial",1130,1011,NA
3,"snappers","RCK","bottom",0.06723,0.07727,1.149,0.967,1.317,1.149,0.948,"ns","good",1130,1011,NA
3,"snappers","UNC","bottom",0.90221,0.9028,1.001,0.987,1.015,1.001,0.825,"ns","partial",1130,1011,NA
4,"gag-0","AL","reef",7e-05,0.00014,2.065,0.12,5.169,2.065,0.825,"ns","good",1130,39,NA
4,"gag-0","AM","reef",0.00013,0.00015,1.173,0.657,1.872,1.173,0.469,"ns","good",1130,39,NA
4,"gag-0","AH","reef",2e-05,2e-05,1.249,0.569,2.365,1.249,0.499,"ns","good",1130,39,NA
4,"gag-0","NL","reef",0.02406,0.03912,1.625,0.906,2.479,1.625,0.649,"ns","good",1130,39,NA
4,"gag-0","NM","reef",0.00036,0.00018,0.484,0.077,1.09,0.484,0.193,"ns","good",1130,39,NA
4,"gag-0","NH","reef",0.00464,0.01161,2.504,1.281,4.536,2.504,1,"for","partial",1130,39,NA
4,"gag-0","RCK","bottom",0.06723,0.04989,0.742,0.222,1.487,0.742,0.296,"ns","good",1130,39,NA
4,"gag-0","UNC","bottom",0.90221,0.89615,0.993,0.917,1.049,0.993,0.397,"ns","partial",1130,39,NA
5,"gag-1","AL","reef",7e-05,5e-05,0.757,0.231,1.628,0.757,0.291,"ns","good",1130,145,NA
5,"gag-1","AM","reef",0.00013,0.00019,1.527,1.072,2.095,1.527,0.586,"for","good",1130,145,NA
5,"gag-1","AH","reef",2e-05,3e-05,1.763,0.904,2.964,1.763,0.677,"ns","good",1130,145,NA
5,"gag-1","NL","reef",0.02406,0.0543,2.256,1.807,2.675,2.256,0.866,"for","good",1130,145,NA
5,"gag-1","NM","reef",0.00036,9e-05,0.244,0.107,0.438,0.244,0.094,"against","good",1130,145,NA
5,"gag-1","NH","reef",0.00464,0.01208,2.605,2.035,3.271,2.605,1,"for","partial",1130,145,NA
5,"gag-1","RCK","bottom",0.06723,0.0543,0.808,0.556,1.119,0.808,0.31,"ns","good",1130,145,NA
5,"gag-1","UNC","bottom",0.90221,0.87809,0.973,0.95,0.995,0.973,0.374,"against","partial",1130,145,NA
6,"gag-2","AL","reef",7e-05,3e-05,0.427,0.128,0.966,0.427,0.218,"against","good",1130,190,NA
6,"gag-2","AM","reef",0.00013,0.00025,1.964,1.479,2.452,1.964,1,"for","good",1130,190,NA
6,"gag-2","AH","reef",2e-05,3e-05,1.567,1.129,2.072,1.567,0.798,"for","good",1130,190,NA
6,"gag-2","NL","reef",0.02406,0.04725,1.964,1.585,2.355,1.964,1,"for","good",1130,190,NA
6,"gag-2","NM","reef",0.00036,0.00011,0.299,0.152,0.488,0.299,0.152,"against","good",1130,190,NA
6,"gag-2","NH","reef",0.00464,0.00819,1.765,1.379,2.163,1.765,0.899,"for","partial",1130,190,NA
6,"gag-2","RCK","bottom",0.06723,0.05531,0.823,0.597,1.093,0.823,0.419,"ns","good",1130,190,NA
6,"gag-2","UNC","bottom",0.90221,0.8858,0.982,0.959,1,0.982,0.5,"ns","partial",1130,190,NA
7,"gag-3","AL","reef",7e-05,4e-05,0.555,0.203,1.228,0.555,0.254,"ns","good",1130,192,NA
7,"gag-3","AM","reef",0.00013,0.00024,1.889,1.412,2.432,1.889,0.866,"for","good",1130,192,NA
7,"gag-3","AH","reef",2e-05,3e-05,1.62,1.244,2.025,1.62,0.743,"for","good",1130,192,NA
7,"gag-3","NL","reef",0.02406,0.04504,1.872,1.454,2.299,1.872,0.859,"for","good",1130,192,NA
7,"gag-3","NM","reef",0.00036,0.00011,0.307,0.188,0.461,0.307,0.141,"against","good",1130,192,NA
7,"gag-3","NH","reef",0.00464,0.01011,2.18,1.667,2.788,2.18,1,"for","partial",1130,192,NA
7,"gag-3","RCK","bottom",0.06723,0.06111,0.909,0.657,1.186,0.909,0.417,"ns","good",1130,192,NA
7,"gag-3","UNC","bottom",0.90221,0.88088,0.976,0.953,0.998,0.976,0.448,"against","partial",1130,192,NA
8,"gag-4","AL","reef",7e-05,4e-05,0.567,0.186,1.208,0.567,0.301,"ns","good",1130,176,NA
8,"gag-4","AM","reef",0.00013,0.00021,1.693,1.189,2.251,1.693,0.9,"for","good",1130,176,NA
8,"gag-4","AH","reef",2e-05,3e-05,1.627,1.266,2.053,1.627,0.865,"for","good",1130,176,NA
8,"gag-4","NL","reef",0.02406,0.0374,1.554,1.21,1.906,1.554,0.826,"for","good",1130,176,NA
8,"gag-4","NM","reef",0.00036,0.00016,0.437,0.235,0.696,0.437,0.232,"against","good",1130,176,NA
8,"gag-4","NH","reef",0.00464,0.00873,1.881,1.453,2.376,1.881,1,"for","partial",1130,176,NA
8,"gag-4","RCK","bottom",0.06723,0.06984,1.039,0.719,1.364,1.039,0.552,"ns","good",1130,176,NA
8,"gag-4","UNC","bottom",0.90221,0.8828,0.978,0.952,1.004,0.978,0.52,"ns","partial",1130,176,NA
9,"gag-5-","AL","reef",7e-05,5e-05,0.777,0.355,1.45,0.777,0.459,"ns","good",1130,342,NA
9,"gag-5-","AM","reef",0.00013,0.00016,1.229,0.965,1.505,1.229,0.725,"ns","good",1130,342,NA
9,"gag-5-","AH","reef",2e-05,2e-05,1.242,1.044,1.471,1.242,0.733,"for","good",1130,342,NA
9,"gag-5-","NL","reef",0.02406,0.03709,1.541,1.239,1.873,1.541,0.91,"for","good",1130,342,NA
9,"gag-5-","NM","reef",0.00036,0.00021,0.59,0.447,0.763,0.59,0.348,"against","good",1130,342,NA
9,"gag-5-","NH","reef",0.00464,0.00786,1.694,1.494,1.92,1.694,1,"for","partial",1130,342,NA
9,"gag-5-","RCK","bottom",0.06723,0.06167,0.917,0.736,1.104,0.917,0.541,"ns","good",1130,342,NA
9,"gag-5-","UNC","bottom",0.90221,0.89222,0.989,0.975,1.004,0.989,0.584,"ns","partial",1130,342,NA
10,"red-grouper-0","AL","reef",7e-05,3e-05,0.468,0.211,0.977,0.468,0.16,"against","good",1130,108,NA
10,"red-grouper-0","AM","reef",0.00013,0.00035,2.759,1.615,4.022,2.759,0.946,"for","good",1130,108,NA
10,"red-grouper-0","AH","reef",2e-05,5e-05,2.917,2.212,3.637,2.917,1,"for","good",1130,108,NA
10,"red-grouper-0","NL","reef",0.02406,0.02992,1.243,0.872,1.615,1.243,0.426,"ns","good",1130,108,NA
10,"red-grouper-0","NM","reef",0.00036,9e-05,0.258,0.093,0.447,0.258,0.088,"against","good",1130,108,NA
10,"red-grouper-0","NH","reef",0.00464,0.01109,2.389,1.414,3.498,2.389,0.819,"for","partial",1130,108,NA
10,"red-grouper-0","RCK","bottom",0.06723,0.08898,1.324,0.841,1.963,1.324,0.454,"ns","good",1130,108,NA
10,"red-grouper-0","UNC","bottom",0.90221,0.86949,0.964,0.911,1.004,0.964,0.33,"ns","partial",1130,108,NA
11,"red-grouper-1","AL","reef",7e-05,1e-05,0.113,0.053,0.226,0.113,0.062,"against","good",1130,10,NA
11,"red-grouper-1","AM","reef",0.00013,0.00014,1.137,0.062,3.319,1.137,0.622,"ns","good",1130,10,NA
11,"red-grouper-1","AH","reef",2e-05,1e-05,0.562,0.157,1.064,0.562,0.307,"ns","good",1130,10,NA
11,"red-grouper-1","NL","reef",0.02406,0.04399,1.828,0.598,3.68,1.828,1,"ns","good",1130,10,NA
11,"red-grouper-1","NM","reef",0.00036,5e-05,0.145,0.043,0.326,0.145,0.079,"against","good",1130,10,NA
11,"red-grouper-1","NH","reef",0.00464,0.00322,0.694,0.264,1.256,0.694,0.379,"ns","partial",1130,10,NA
11,"red-grouper-1","RCK","bottom",0.06723,0.04014,0.597,0,1.687,0.597,0.327,"ns","good",1130,10,NA
11,"red-grouper-1","UNC","bottom",0.90221,0.91243,1.011,0.915,1.08,1.011,0.553,"ns","partial",1130,10,NA
12,"red-grouper-2","AL","reef",7e-05,1e-05,0.112,0.06,0.216,0.112,0.04,"against","good",1130,41,NA
12,"red-grouper-2","AM","reef",0.00013,8e-05,0.605,0.331,0.963,0.605,0.217,"against","good",1130,41,NA
12,"red-grouper-2","AH","reef",2e-05,1e-05,0.875,0.308,2.004,0.875,0.314,"ns","good",1130,41,NA
12,"red-grouper-2","NL","reef",0.02406,0.06327,2.629,1.695,3.667,2.629,0.944,"for","good",1130,41,NA
12,"red-grouper-2","NM","reef",0.00036,0.00011,0.313,0.063,0.707,0.313,0.113,"against","good",1130,41,NA
12,"red-grouper-2","NH","reef",0.00464,0.01291,2.784,1.356,4.496,2.784,1,"for","partial",1130,41,NA
12,"red-grouper-2","RCK","bottom",0.06723,0.09939,1.478,0.732,2.333,1.478,0.531,"ns","good",1130,41,NA
12,"red-grouper-2","UNC","bottom",0.90221,0.82421,0.914,0.838,0.98,0.914,0.328,"against","partial",1130,41,NA
13,"red-grouper-3","AL","reef",7e-05,9e-05,1.278,0.449,2.542,1.278,0.665,"ns","good",1130,162,NA
13,"red-grouper-3","AM","reef",0.00013,0.00013,1.03,0.65,1.609,1.03,0.536,"ns","good",1130,162,NA
13,"red-grouper-3","AH","reef",2e-05,2e-05,0.997,0.663,1.398,0.997,0.519,"ns","good",1130,162,NA
13,"red-grouper-3","NL","reef",0.02406,0.03599,1.495,1.178,1.848,1.495,0.778,"for","good",1130,162,NA
13,"red-grouper-3","NM","reef",0.00036,0.00012,0.343,0.197,0.506,0.343,0.179,"against","good",1130,162,NA
13,"red-grouper-3","NH","reef",0.00464,0.00892,1.922,1.4,2.498,1.922,1,"for","partial",1130,162,NA
13,"red-grouper-3","RCK","bottom",0.06723,0.10123,1.506,0.952,2.102,1.506,0.783,"ns","good",1130,162,NA
13,"red-grouper-3","UNC","bottom",0.90221,0.85345,0.946,0.902,0.985,0.946,0.492,"against","partial",1130,162,NA
14,"red-grouper-4","AL","reef",7e-05,9e-05,1.299,0.541,2.341,1.299,0.746,"ns","good",1130,262,NA
14,"red-grouper-4","AM","reef",0.00013,0.00012,0.918,0.639,1.255,0.918,0.527,"ns","good",1130,262,NA
14,"red-grouper-4","AH","reef",2e-05,2e-05,0.937,0.704,1.231,0.937,0.538,"ns","good",1130,262,NA
14,"red-grouper-4","NL","reef",0.02406,0.04186,1.739,1.484,1.976,1.739,0.999,"for","good",1130,262,NA
14,"red-grouper-4","NM","reef",0.00036,0.00014,0.375,0.236,0.542,0.375,0.215,"against","good",1130,262,NA
14,"red-grouper-4","NH","reef",0.00464,0.00808,1.741,1.437,2.086,1.741,1,"for","partial",1130,262,NA
14,"red-grouper-4","RCK","bottom",0.06723,0.08291,1.233,1,1.506,1.233,0.708,"ns","good",1130,262,NA
14,"red-grouper-4","UNC","bottom",0.90221,0.86678,0.961,0.937,0.98,0.961,0.552,"against","partial",1130,262,NA
15,"red-grouper-5-","AL","reef",7e-05,7e-05,0.97,0.597,1.374,0.97,0.807,"ns","good",1130,695,NA
15,"red-grouper-5-","AM","reef",0.00013,1e-04,0.755,0.612,0.895,0.755,0.628,"against","good",1130,695,NA
15,"red-grouper-5-","AH","reef",2e-05,1e-05,0.832,0.726,0.937,0.832,0.692,"against","good",1130,695,NA
15,"red-grouper-5-","NL","reef",0.02406,0.02894,1.203,1.107,1.302,1.203,1,"for","good",1130,695,NA
15,"red-grouper-5-","NM","reef",0.00036,0.00019,0.518,0.422,0.619,0.518,0.431,"against","good",1130,695,NA
15,"red-grouper-5-","NH","reef",0.00464,0.00509,1.097,1.013,1.182,1.097,0.912,"for","partial",1130,695,NA
15,"red-grouper-5-","RCK","bottom",0.06723,0.07911,1.177,1.063,1.305,1.177,0.978,"for","good",1130,695,NA
15,"red-grouper-5-","UNC","bottom",0.90221,0.88631,0.982,0.972,0.991,0.982,0.817,"against","partial",1130,695,NA
16,"large-reef-fish","AL","reef",7e-05,1e-04,1.444,1.095,1.919,1.444,1,"for","good",1130,614,NA
16,"large-reef-fish","AM","reef",0.00013,0.00011,0.862,0.685,1.028,0.862,0.597,"ns","good",1130,614,NA
16,"large-reef-fish","AH","reef",2e-05,2e-05,1.079,0.976,1.182,1.079,0.747,"ns","good",1130,614,NA
16,"large-reef-fish","NL","reef",0.02406,0.02076,0.863,0.748,0.984,0.863,0.598,"against","good",1130,614,NA
16,"large-reef-fish","NM","reef",0.00036,4e-04,1.116,0.93,1.301,1.116,0.773,"ns","good",1130,614,NA
16,"large-reef-fish","NH","reef",0.00464,0.00551,1.188,1.075,1.315,1.188,0.823,"for","partial",1130,614,NA
16,"large-reef-fish","RCK","bottom",0.06723,0.07549,1.123,0.991,1.284,1.123,0.778,"ns","good",1130,614,NA
16,"large-reef-fish","UNC","bottom",0.90221,0.8973,0.995,0.982,1.005,0.995,0.689,"ns","partial",1130,614,NA
17,"small-reef-fish","AL","reef",7e-05,5e-05,0.695,0.59,0.839,0.695,0.395,"against","good",1130,1101,NA
17,"small-reef-fish","AM","reef",0.00013,0.00022,1.76,1.513,2.035,1.76,1,"for","good",1130,1101,NA
17,"small-reef-fish","AH","reef",2e-05,3e-05,1.483,1.312,1.688,1.483,0.843,"for","good",1130,1101,NA
17,"small-reef-fish","NL","reef",0.02406,0.02775,1.153,1.012,1.31,1.153,0.655,"for","good",1130,1101,NA
17,"small-reef-fish","NM","reef",0.00036,0.00023,0.627,0.544,0.718,0.627,0.356,"against","good",1130,1101,NA
17,"small-reef-fish","NH","reef",0.00464,0.00479,1.033,0.953,1.123,1.033,0.587,"ns","partial",1130,1101,NA
17,"small-reef-fish","RCK","bottom",0.06723,0.05593,0.832,0.709,1.011,0.832,0.473,"ns","good",1130,1101,NA
17,"small-reef-fish","UNC","bottom",0.90221,0.90764,1.006,0.993,1.016,1.006,0.572,"ns","partial",1130,1101,NA
18,"demersal-fish","AL","reef",7e-05,9e-05,1.275,0.656,2.124,1.275,0.544,"ns","good",1130,734,NA
18,"demersal-fish","AM","reef",0.00013,0.00018,1.381,1.14,1.649,1.381,0.59,"for","good",1130,734,NA
18,"demersal-fish","AH","reef",2e-05,4e-05,2.342,1.411,3.554,2.342,1,"for","good",1130,734,NA
18,"demersal-fish","NL","reef",0.02406,0.02948,1.225,1.03,1.466,1.225,0.523,"for","good",1130,734,NA
18,"demersal-fish","NM","reef",0.00036,0.00013,0.367,0.26,0.493,0.367,0.157,"against","good",1130,734,NA
18,"demersal-fish","NH","reef",0.00464,0.00499,1.075,0.872,1.326,1.075,0.459,"ns","partial",1130,734,NA
18,"demersal-fish","RCK","bottom",0.06723,0.04225,0.629,0.509,0.767,0.629,0.268,"against","good",1130,734,NA
18,"demersal-fish","UNC","bottom",0.90221,0.92228,1.022,1.009,1.035,1.022,0.437,"for","partial",1130,734,NA
19,"small-pelagics","AL","reef",7e-05,5e-05,0.668,0.407,1.051,0.668,0.389,"ns","good",1130,715,NA
19,"small-pelagics","AM","reef",0.00013,0.00022,1.716,1.353,2.136,1.716,1,"for","good",1130,715,NA
19,"small-pelagics","AH","reef",2e-05,2e-05,1.35,1.155,1.561,1.35,0.787,"for","good",1130,715,NA
19,"small-pelagics","NL","reef",0.02406,0.02396,0.996,0.877,1.132,0.996,0.58,"ns","good",1130,715,NA
19,"small-pelagics","NM","reef",0.00036,0.00018,0.496,0.347,0.658,0.496,0.289,"against","good",1130,715,NA
19,"small-pelagics","NH","reef",0.00464,0.00388,0.836,0.722,0.967,0.836,0.487,"against","partial",1130,715,NA
19,"small-pelagics","RCK","bottom",0.06723,0.05969,0.888,0.713,1.064,0.888,0.518,"ns","good",1130,715,NA
19,"small-pelagics","UNC","bottom",0.90221,0.90929,1.008,0.994,1.021,1.008,0.587,"ns","partial",1130,715,NA
