"spabb","stanzas","0","1","2","3","4","5","6","7","8","9","10","11","12","13","14","15","16","17","18","19","20","21","22","23","24","25","26","27","28","29","30","31","32","33","34","35","36","37","38","39","40"
"COB","0",24.5987,59.3525,82.9297,98.421,108.599,115.287,119.681,122.569,124.466,125.712,126.531,127.38,NA,NA,NA,NA,NA,NA,NA,NA,NA,NA,NA,NA,NA,NA,NA,NA,NA,NA,NA,NA,NA,NA,NA,NA,NA,NA,NA,NA,NA
"GAG","0-1-2-3-4-5",19.1043,33.8623,44.1449,53.1982,61.1691,68.1871,74.3661,79.8064,84.5963,88.8135,92.5266,95.7957,98.674,101.208,103.439,105.404,107.134,108.656,109.997,111.178,112.217,113.132,113.938,114.647,115.272,115.822,116.306,116.732,117.108,117.438,117.729,117.985,118.211,118.608,NA,NA,NA,NA,NA,NA,NA
"GAJ","0",13.9064,37.4985,56.3253,71.3493,83.3386,92.9062,100.541,106.634,111.496,115.377,122.321,NA,NA,NA,NA,NA,NA,NA,NA,NA,NA,NA,NA,NA,NA,NA,NA,NA,NA,NA,NA,NA,NA,NA,NA,NA,NA,NA,NA,NA,NA
"GSN","0",9.35382,19.1298,23.5822,27.5589,31.1107,34.283,37.1163,39.6469,41.9071,43.9258,45.7288,47.3391,48.7774,50.062,51.2094,52.2341,53.1494,53.9668,54.697,55.3491,55.9315,56.4517,56.9163,57.3313,57.7019,58.0329,58.3286,58.5927,59.1403,NA,NA,NA,NA,NA,NA,NA,NA,NA,NA,NA,NA
"GTF","0",28.3,32.3068,35.7901,38.8184,41.451,43.7397,45.7294,47.4592,48.963,50.2703,53.7862,NA,NA,NA,NA,NA,NA,NA,NA,NA,NA,NA,NA,NA,NA,NA,NA,NA,NA,NA,NA,NA,NA,NA,NA,NA,NA,NA,NA,NA,NA
"KMAC","0-1",21,45.44385,62.3079,73.9446,81.9757,87.5193,91.3466,93.98945,95.8145,97.07515,97.9463,98.95485,NA,NA,NA,NA,NA,NA,NA,NA,NA,NA,NA,NA,NA,NA,NA,NA,NA,NA,NA,NA,NA,NA,NA,NA,NA,NA,NA,NA,NA
"REDGRP","0-1-2-3-4-5",10.862,23.0059,29.132,34.7173,39.8096,44.4525,48.6855,52.5449,56.0637,59.2718,62.1968,64.8636,67.295,69.5118,71.5329,73.3757,75.0557,76.5875,77.9841,79.2574,80.4183,81.4767,82.4418,83.3216,84.1238,84.8551,85.522,86.1299,86.6842,87.9892,NA,NA,NA,NA,NA,NA,NA,NA,NA,NA,NA
"RSN","0-1-3",9.30667,20.1047,31.5479,40.9929,48.7888,55.2234,60.5345,64.9181,68.5364,71.5229,73.9879,76.0225,77.7018,79.0879,80.2319,81.1763,81.9557,82.599,83.13,83.5683,84.2888,NA,NA,NA,NA,NA,NA,NA,NA,NA,NA,NA,NA,NA,NA,NA,NA,NA,NA,NA,NA
"SCAMP","0",13.8476,26.5717,30.1261,33.4315,36.5052,39.3634,42.0214,44.493,46.7915,48.9288,50.9164,52.7647,54.4834,56.0817,57.5679,58.95,60.2353,61.4304,62.5418,63.5754,64.5364,65.4302,66.2612,67.0341,67.7528,68.4211,69.0425,69.6205,70.1579,70.6576,71.1224,71.5545,71.9564,72.3301,73.2858,NA,NA,NA,NA,NA,NA
"SMAC","0-1",8.59178,26.14,36.9307,44.1404,48.9575,52.176,54.3264,55.7631,56.7231,57.3644,57.793,58.2532,NA,NA,NA,NA,NA,NA,NA,NA,NA,NA,NA,NA,NA,NA,NA,NA,NA,NA,NA,NA,NA,NA,NA,NA,NA,NA,NA,NA,NA
"TLF","0",7.675035,18.64875,27.8246,35.51,41.957675,47.375925,51.9364,55.781175,59.0276,61.773075,64.098475,66.070925,67.7465,69.1719,70.386175,71.422,72.306775,73.06345,73.711425,74.266975,74.74385,75.15365,75.5062,75.8098,76.071525,76.2974,76.4925,76.661125,76.807075,76.933525,77.153025,NA,NA,NA,NA,NA,NA,NA,NA,NA,NA
"VSN","0",11.83,18.0991,22.6268,25.897,28.2588,29.9646,31.1966,32.0864,32.729,33.1931,33.5284,33.7705,33.9453,34.0716,34.226,NA,NA,NA,NA,NA,NA,NA,NA,NA,NA,NA,NA,NA,NA,NA,NA,NA,NA,NA,NA,NA,NA,NA,NA,NA,NA
"YEG","0",8.36526,14.71815,20.59885,26.0425,31.08165,35.7463,40.06445,44.0617,47.762,51.1875,54.35855,57.2941,60.0116,62.52735,64.8563,67.0123,69.00835,70.85615,72.5668,74.1505,75.6167,76.97405,78.23075,79.39415,80.47125,81.4685,82.39175,83.2465,84.0379,84.7706,85.449,86.07705,86.65855,87.19695,87.6955,88.157,88.58435,88.98005,89.34635,89.6856,90.4424
"YTS","0",10.3861,17.7265,23.0125,26.8193,29.5606,31.5348,32.9564,33.9802,34.7175,35.2485,35.6308,35.9062,36.1045,36.2473,36.3501,36.4241,36.4775,36.5159,36.5435,36.5635,36.5778,NA,NA,NA,NA,NA,NA,NA,NA,NA,NA,NA,NA,NA,NA,NA,NA,NA,NA,NA,NA
