"modname","code","w.mean","w.sd","w.min","w.max","A.mean","A.sd","A.min","A.max","w_lo","w_hi","n_pos","pooled_with","w_range","boot_width","ratio","A_range"
"gag-0","AL",0.9941,0.738605209537244,0.157,2.065,0.4376,0.338476390117046,0.052,1,0.12,5.169,39,NA,1.908,5.049,0.377896613190731,0.948
"gag-0","AM",1.3464,0.356060918633003,0.954,2.113,0.5734,0.156290470314447,0.355,0.847,0.657,1.872,39,NA,1.159,1.215,0.953909465020576,0.492
"gag-0","AH",1.2708,0.216430024616631,0.853,1.655,0.5444,0.114345674746941,0.28,0.658,0.569,2.365,39,NA,0.802,1.796,0.446547884187082,0.378
"gag-0","NL",1.8478,0.383995312471389,1.155,2.516,0.7828,0.168916021212383,0.535,1,0.906,2.479,39,NA,1.361,1.573,0.865225683407502,0.465
"gag-0","NM",0.3529,0.119083957311171,0.211,0.509,0.1485,0.0474885951220571,0.092,0.205,0.077,1.09,39,NA,0.298,1.013,0.294175715695953,0.113
"gag-0","NH",2.3184,0.331411526655305,1.954,3.052,0.9745,0.0467956550689627,0.855,1,1.281,4.536,39,NA,1.098,3.255,0.337327188940092,0.145
"gag-0","RCK",0.9897,0.176601906369476,0.742,1.34,0.425,0.10615920957589,0.291,0.621,0.222,1.487,39,NA,0.598,1.265,0.472727272727273,0.33
"gag-0","UNC",0.972,0.0150111069989303,0.943,0.993,0.4143,0.0491868320228539,0.318,0.484,0.917,1.049,39,NA,0.05,0.132,0.378787878787879,0.166
"gag-1","AL",0.6817,0.142761689538896,0.473,0.92,0.2911,0.0569394415146478,0.217,0.399,0.231,1.628,145,NA,0.447,1.397,0.319971367215462,0.182
"gag-1","AM",1.836,0.24715042652873,1.527,2.308,0.7893,0.12409230435446,0.586,1,1.072,2.095,145,NA,0.781,1.023,0.763440860215054,0.414
"gag-1","AH",2.0499,0.251464797624726,1.656,2.37,0.8812,0.129661782255905,0.677,1,0.904,2.964,145,NA,0.714,2.06,0.346601941747573,0.323
"gag-1","NL",2.137,0.120978418644723,1.913,2.328,0.9165,0.0664834983703141,0.818,1,1.807,2.675,145,NA,0.415,0.868,0.478110599078341,0.182
"gag-1","NM",0.2409,0.104951258528265,0.13,0.419,0.1029,0.0439682966591965,0.06,0.171,0.107,0.438,145,NA,0.289,0.331,0.873111782477341,0.111
"gag-1","NH",2.1291,0.325953115237964,1.471,2.605,0.909,0.113081091847105,0.637,1,2.035,3.271,145,NA,1.134,1.236,0.91747572815534,0.363
"gag-1","RCK",0.7724,0.100007999680026,0.602,0.917,0.3306,0.0408743331579992,0.263,0.386,0.556,1.119,145,NA,0.315,0.563,0.559502664298402,0.123
"gag-1","UNC",0.9818,0.00963558220578521,0.971,0.996,0.4214,0.0252683376756147,0.374,0.453,0.95,0.995,145,NA,0.025,0.045,0.555555555555556,0.079
"gag-2","AL",0.4764,0.163238884256581,0.301,0.831,0.2342,0.0800288836747222,0.151,0.398,0.128,0.966,190,NA,0.53,0.838,0.632458233890215,0.247
"gag-2","AM",1.8355,0.149164525124292,1.614,2.089,0.9021,0.0693917222088565,0.779,1,1.479,2.452,190,NA,0.475,0.973,0.488180883864337,0.221
"gag-2","AH",1.6268,0.165010302708649,1.382,1.853,0.8014,0.0956186871554579,0.639,0.896,1.129,2.072,190,NA,0.471,0.943,0.499469777306469,0.257
"gag-2","NL",1.9602,0.0721184211326528,1.828,2.055,0.9638,0.0366145083569645,0.914,1,1.585,2.355,190,NA,0.227,0.77,0.294805194805195,0.086
"gag-2","NM",0.2723,0.0647234286964328,0.193,0.391,0.1342,0.0339371968985851,0.096,0.205,0.152,0.488,190,NA,0.198,0.336,0.589285714285714,0.109
"gag-2","NH",1.9509,0.151111768789419,1.765,2.193,0.9577,0.0510447516074539,0.881,1,1.379,2.163,190,NA,0.428,0.784,0.545918367346939,0.119
"gag-2","RCK",0.7656,0.0570033137438323,0.688,0.863,0.3771,0.0378137247276406,0.331,0.434,0.597,1.093,190,NA,0.175,0.496,0.352822580645161,0.103
"gag-2","UNC",0.9845,0.00422295315310665,0.977,0.991,0.4844,0.0208657081781994,0.446,0.517,0.959,1,190,NA,0.014,0.041,0.341463414634146,0.071
"gag-3","AL",0.5677,0.148416119220402,0.387,0.83,0.2832,0.0783053850851481,0.191,0.41,0.203,1.228,192,NA,0.443,1.025,0.43219512195122,0.219
"gag-3","AM",1.7077,0.163261242593989,1.453,2.022,0.8478,0.0655909885409404,0.784,1,1.412,2.432,192,NA,0.569,1.02,0.557843137254902,0.216
"gag-3","AH",1.6415,0.11490600023014,1.535,1.92,0.8173,0.0738948953281318,0.743,1,1.244,2.025,192,NA,0.385,0.781,0.492957746478873,0.257
"gag-3","NL",1.8606,0.145964379216301,1.659,2.123,0.9242,0.0575804750858406,0.847,1,1.454,2.299,192,NA,0.464,0.845,0.549112426035503,0.153
"gag-3","NM",0.3231,0.0887674239547119,0.179,0.437,0.1619,0.0485007445532769,0.088,0.223,0.188,0.461,192,NA,0.258,0.273,0.945054945054945,0.135
"gag-3","NH",1.9026,0.166789421460448,1.635,2.18,0.9452,0.070958203660089,0.852,1,1.667,2.788,192,NA,0.545,1.121,0.486173059768064,0.148
"gag-3","RCK",0.8016,0.0667336330329601,0.706,0.909,0.3982,0.0260247745213842,0.349,0.436,0.657,1.186,192,NA,0.203,0.529,0.383742911153119,0.087
"gag-3","UNC",0.9863,0.00683211371229855,0.976,0.997,0.4911,0.027557818007479,0.448,0.543,0.953,0.998,192,NA,0.021,0.045,0.466666666666667,0.095
"gag-4","AL",0.6222,0.095613574117672,0.501,0.799,0.3232,0.056548504253723,0.258,0.42,0.186,1.208,176,NA,0.298,1.022,0.291585127201566,0.162
"gag-4","AM",1.4201,0.126817848375797,1.299,1.693,0.7376,0.0874962856354485,0.627,0.9,1.189,2.251,176,NA,0.394,1.062,0.370998116760829,0.273
"gag-4","AH",1.5378,0.172123857213991,1.174,1.74,0.7979,0.101462034497858,0.592,0.931,1.266,2.053,176,NA,0.566,0.787,0.719186785260483,0.339
"gag-4","NL",1.7769,0.132240059487787,1.554,2.012,0.92,0.0611264627182405,0.826,1,1.21,1.906,176,NA,0.458,0.696,0.658045977011494,0.174
"gag-4","NM",0.382,0.0671548790318155,0.238,0.446,0.1977,0.0343286404559743,0.132,0.24,0.235,0.696,176,NA,0.208,0.461,0.45119305856833,0.108
"gag-4","NH",1.9233,0.0978934227730455,1.803,2.098,0.9952,0.0141562706953491,0.955,1,1.453,2.376,176,NA,0.295,0.923,0.319609967497291,0.045
"gag-4","RCK",1.0048,0.0566956788476864,0.911,1.077,0.5206,0.0334902971022952,0.449,0.553,0.719,1.364,176,NA,0.166,0.645,0.257364341085271,0.104
"gag-4","UNC",0.975,0.00539547135207955,0.966,0.983,0.5055,0.0247846278523156,0.46,0.541,0.952,1.004,176,NA,0.017,0.052,0.326923076923077,0.081
"gag-5-","AL",0.7233,0.0487466238147149,0.632,0.777,0.4346,0.0258594491648819,0.371,0.459,0.355,1.45,342,NA,0.145,1.095,0.132420091324201,0.088
"gag-5-","AM",1.2833,0.0893408578920579,1.16,1.434,0.7712,0.0497478084386081,0.686,0.86,0.965,1.505,342,NA,0.274,0.54,0.507407407407408,0.174
"gag-5-","AH",1.3223,0.0641717314018494,1.242,1.448,0.7953,0.0489604148493681,0.733,0.89,1.044,1.471,342,NA,0.206,0.427,0.482435597189695,0.157
"gag-5-","NL",1.5141,0.0821441145521428,1.384,1.63,0.9093,0.0310485283244007,0.865,0.956,1.239,1.873,342,NA,0.246,0.634,0.38801261829653,0.091
"gag-5-","NM",0.6206,0.0234530263387147,0.588,0.663,0.373,0.0190146142626022,0.348,0.41,0.447,0.763,342,NA,0.0750000000000001,0.316,0.237341772151899,0.062
"gag-5-","NH",1.6642,0.0445740332979241,1.56,1.705,1,0,1,1,1.494,1.92,342,NA,0.145,0.426,0.34037558685446,0
"gag-5-","RCK",0.9197,0.0267126686549035,0.892,0.968,0.553,0.0251925915035882,0.523,0.587,0.736,1.104,342,NA,0.076,0.368,0.206521739130435,0.0639999999999999
"gag-5-","UNC",0.9895,0.00236877840059198,0.986,0.994,0.5951,0.0173105619653308,0.58,0.637,0.975,1.004,342,NA,0.00800000000000001,0.029,0.275862068965517,0.0570000000000001
"red-grouper-0","AL",0.468,0,0.468,0.468,0.16,0,0.16,0.16,0.211,0.977,108,NA,0,0.766,0,0
"red-grouper-0","AM",2.759,0,2.759,2.759,0.946,0,0.946,0.946,1.615,4.022,108,NA,0,2.407,0,0
"red-grouper-0","AH",2.917,0,2.917,2.917,1,0,1,1,2.212,3.637,108,NA,0,1.425,0,0
"red-grouper-0","NL",1.243,0,1.243,1.243,0.426,0,0.426,0.426,0.872,1.615,108,NA,0,0.743,0,0
"red-grouper-0","NM",0.258,0,0.258,0.258,0.088,0,0.088,0.088,0.093,0.447,108,NA,0,0.354,0,0
"red-grouper-0","NH",2.389,0,2.389,2.389,0.819,0,0.819,0.819,1.414,3.498,108,NA,0,2.084,0,0
"red-grouper-0","RCK",1.324,0,1.324,1.324,0.454,0,0.454,0.454,0.841,1.963,108,NA,0,1.122,0,0
"red-grouper-0","UNC",0.964,0,0.964,0.964,0.33,0,0.33,0.33,0.911,1.004,108,NA,0,0.093,0,0
"red-grouper-1","AL",2.8599,8.24524431886513,0.051,26.322,0.1752,0.293760597917571,0.026,1,0.053,0.226,10,NA,26.271,0.173,151.85549132948,0.974
"red-grouper-1","AM",0.7117,0.789590336820303,0.112,2.701,0.2582,0.303959354007882,0.009,0.948,0.062,3.319,10,NA,2.589,3.257,0.794903285231808,0.939
"red-grouper-1","AH",0.887,0.928842050919076,0.211,2.85,0.3152,0.377342991631398,0.032,1,0.157,1.064,10,NA,2.639,0.907,2.90959206174201,0.968
"red-grouper-1","NL",1.499,0.368784791202433,0.841,2.055,0.5408,0.35019765847304,0.032,1,0.598,3.68,10,NA,1.214,3.082,0.393900064892927,0.968
"red-grouper-1","NM",0.2438,0.207404489397463,0.061,0.755,0.0777,0.0623432255965135,0.006,0.21,0.043,0.326,10,NA,0.694,0.283,2.45229681978799,0.204
"red-grouper-1","NH",2.7049,1.73449681784404,0.694,5.408,0.7603,0.347630726809674,0.037,1,0.264,1.256,10,NA,4.714,0.992,4.75201612903226,0.963
"red-grouper-1","RCK",1.5575,1.02410125909936,0.3,3.701,0.4319,0.233635732617157,0.044,0.722,0,1.687,10,NA,3.401,1.687,2.01600474214582,0.678
"red-grouper-1","UNC",0.9379,0.0812956880091982,0.776,1.034,0.3182,0.181302570920057,0.038,0.58,0.915,1.08,10,NA,0.258,0.165,1.56363636363636,0.542
"red-grouper-2","AL",0.6019,0.591209955186067,0.112,1.888,0.2754,0.338804171560308,0.04,1,0.06,0.216,41,NA,1.776,0.156,11.3846153846154,0.96
"red-grouper-2","AM",0.8358,0.277370510328694,0.461,1.235,0.3401,0.141265274493691,0.112,0.578,0.331,0.963,41,NA,0.774,0.632,1.2246835443038,0.466
"red-grouper-2","AH",0.7362,0.362352130760489,0.334,1.632,0.3022,0.191996412003512,0.112,0.763,0.308,2.004,41,NA,1.298,1.696,0.765330188679245,0.651
"red-grouper-2","NL",1.9455,0.483078611040113,1.262,2.629,0.7566,0.196931008787906,0.486,1,1.695,3.667,41,NA,1.367,1.972,0.693204868154158,0.514
"red-grouper-2","NM",0.3214,0.126672105146406,0.134,0.558,0.1267,0.054503924425474,0.045,0.212,0.063,0.707,41,NA,0.424,0.644,0.658385093167702,0.167
"red-grouper-2","NH",2.4903,0.854112801553622,1.442,4.127,0.9229,0.127630064378787,0.674,1,1.356,4.496,41,NA,2.685,3.14,0.855095541401274,0.326
"red-grouper-2","RCK",1.3692,0.360695870659911,0.702,1.989,0.5244,0.117067122246646,0.346,0.681,0.732,2.333,41,NA,1.287,1.601,0.803872579637726,0.335
"red-grouper-2","UNC",0.9416,0.0315425638357653,0.903,1.013,0.378,0.108221994067749,0.223,0.58,0.838,0.98,41,NA,0.11,0.142,0.774647887323943,0.357
"red-grouper-3","AL",1.1174,0.366054701437428,0.488,1.637,0.5763,0.192127879867088,0.222,0.907,0.449,2.542,162,NA,1.149,2.093,0.548972766364071,0.685
"red-grouper-3","AM",1.0375,0.0983703320225271,0.921,1.26,0.535,0.0732969606767187,0.418,0.692,0.65,1.609,162,NA,0.339,0.959,0.353493222106361,0.274
"red-grouper-3","AH",0.891,0.071175838597097,0.772,0.997,0.4592,0.0548529346930904,0.351,0.519,0.663,1.398,162,NA,0.225,0.735,0.306122448979592,0.168
"red-grouper-3","NL",1.589,0.109774516370806,1.402,1.734,0.8164,0.0626528353530611,0.726,0.924,1.178,1.848,162,NA,0.332,0.67,0.495522388059702,0.198
"red-grouper-3","NM",0.3141,0.0575624298769026,0.215,0.422,0.1621,0.0356103917417374,0.119,0.238,0.197,0.506,162,NA,0.207,0.309,0.669902912621359,0.119
"red-grouper-3","NH",1.9522,0.1563108015035,1.765,2.213,0.9996,0.00126491106406735,0.996,1,1.4,2.498,162,NA,0.448,1.098,0.408014571948998,0.004
"red-grouper-3","RCK",1.5639,0.120607213714603,1.417,1.773,0.8042,0.0804802253144626,0.707,1,0.952,2.102,162,NA,0.356,1.15,0.309565217391304,0.293
"red-grouper-3","UNC",0.939,0.0113333333333333,0.923,0.955,0.4834,0.0393706038110218,0.418,0.526,0.902,0.985,162,NA,0.0319999999999999,0.083,0.385542168674698,0.108
"red-grouper-4","AL",1.5685,0.251621960709138,1.28,2.107,0.8475,0.103059044565078,0.675,1,0.541,2.341,262,NA,0.827,1.8,0.459444444444444,0.325
"red-grouper-4","AM",0.9417,0.0495626427418429,0.843,0.994,0.5118,0.0387780006360995,0.428,0.564,0.639,1.255,262,NA,0.151,0.616,0.24512987012987,0.136
"red-grouper-4","AH",0.9845,0.0763693510367724,0.901,1.13,0.5361,0.0608321004441277,0.428,0.639,0.704,1.231,262,NA,0.229,0.527,0.434535104364326,0.211
"red-grouper-4","NL",1.7095,0.0549226729138341,1.581,1.769,0.93,0.0754129372926894,0.75,1,1.484,1.976,262,NA,0.188,0.492,0.382113821138211,0.25
"red-grouper-4","NM",0.3473,0.0393701804810584,0.287,0.39,0.189,0.0255690785476868,0.149,0.219,0.236,0.542,262,NA,0.103,0.306,0.336601307189543,0.07
"red-grouper-4","NH",1.8061,0.0677010585835505,1.734,1.895,0.9812,0.0556932072458871,0.823,1,1.437,2.086,262,NA,0.161,0.649,0.248073959938367,0.177
"red-grouper-4","RCK",1.1145,0.101099785690508,0.955,1.236,0.6057,0.0654116027764018,0.52,0.708,1,1.506,262,NA,0.281,0.506,0.555335968379447,0.188
"red-grouper-4","UNC",0.9701,0.00788035532193822,0.96,0.981,0.5272,0.029211108997929,0.463,0.555,0.937,0.98,262,NA,0.021,0.0429999999999999,0.488372093023257,0.092
"red-grouper-5-","AL",0.9943,0.0382188144475699,0.924,1.029,0.8235,0.0286094390018399,0.774,0.854,0.597,1.374,695,NA,0.105,0.777,0.135135135135135,0.08
"red-grouper-5-","AM",0.7492,0.00853489569030838,0.731,0.76,0.6202,0.00949619806963702,0.602,0.637,0.612,0.895,695,NA,0.029,0.283,0.102473498233216,0.035
"red-grouper-5-","AH",0.8272,0.010788883167409,0.813,0.843,0.685,0.0119070473996611,0.669,0.705,0.726,0.937,695,NA,0.03,0.211,0.14218009478673,0.0359999999999999
"red-grouper-5-","NL",1.2045,0.00855375161357093,1.19,1.214,0.9976,0.00406065128875762,0.99,1,1.107,1.302,695,NA,0.024,0.195,0.123076923076923,0.01
"red-grouper-5-","NM",0.5248,0.00775743371082073,0.509,0.538,0.4346,0.00661983551323009,0.42,0.445,0.422,0.619,695,NA,0.029,0.197,0.147208121827411,0.025
"red-grouper-5-","NH",1.0875,0.00940744386111339,1.072,1.099,0.9008,0.00682804673550367,0.889,0.912,1.013,1.182,695,NA,0.0269999999999999,0.169,0.159763313609467,0.023
"red-grouper-5-","RCK",1.1946,0.0159387717357532,1.172,1.219,0.9895,0.0116069902309868,0.968,1,1.063,1.305,695,NA,0.0470000000000002,0.242,0.194214876033058,0.032
"red-grouper-5-","UNC",0.9811,0.00128668393770792,0.979,0.983,0.8124,0.00589161362540948,0.803,0.825,0.972,0.991,695,NA,0.004,0.019,0.210526315789474,0.0219999999999999
